date,site,replicate,headspaceCO2,concentrationCO2Air,waterTemp,do.sat,do.sat.moles,DO_mgL,DO_micromol,o2_departure,barometricPressure
2022-06-06,1,1,21.198558813778476,369.52992,20.8,8.601508268751743,268.797133398492,10.06,314.375,45.57786660150799,97.48
2022-06-06,1,2,20.07142373138497,369.52992,20.8,8.601508268751743,268.797133398492,10.06,314.375,45.57786660150799,97.48
2022-06-06,1,3,19.32477805225037,369.52992,20.8,8.601508268751743,268.797133398492,10.06,314.375,45.57786660150799,97.48
2022-06-06,2,1,9.184604815973966,369.52992,21.1,8.55098697825342,267.21834307041934,15.7,490.625,223.40665692958063,97.48
2022-06-06,2,2,9.180230034496182,369.52992,21.1,8.55098697825342,267.21834307041934,15.7,490.625,223.40665692958063,97.48
2022-06-06,2,3,9.092683441981777,369.52992,21.1,8.55098697825342,267.21834307041934,15.7,490.625,223.40665692958063,97.48
2022-06-06,3,1,48.980019183845776,369.52992,20.8,8.602413457919148,268.8254205599734,12.84,401.25,132.4245794400266,97.49
2022-06-06,3,2,47.667533326737235,369.52992,20.8,8.602413457919148,268.8254205599734,12.84,401.25,132.4245794400266,97.49
2022-06-06,3,3,49.99736572959178,369.52992,20.8,8.602413457919148,268.8254205599734,12.84,401.25,132.4245794400266,97.49
2022-06-06,4,1,12.2369991958372,369.52992,21.7,8.454189230285687,264.1934134464277,14.35,448.4375,184.2440865535723,97.51
2022-06-06,4,2,12.357719935859,369.52992,21.7,8.454189230285687,264.1934134464277,14.35,448.4375,184.2440865535723,97.51
2022-06-06,4,3,11.76931394919931,369.52992,21.7,8.454189230285687,264.1934134464277,14.35,448.4375,184.2440865535723,97.51
2022-06-06,5,1,24.907514371037617,369.52992,21.1,8.55098697825342,267.21834307041934,9.31,290.9375,23.719156929580663,97.48
2022-06-06,5,2,24.734824405011192,369.52992,21.1,8.55098697825342,267.21834307041934,9.31,290.9375,23.719156929580663,97.48
2022-06-06,5,3,25.53157673078073,369.52992,21.1,8.55098697825342,267.21834307041934,9.31,290.9375,23.719156929580663,97.48
2022-06-06,6,1,20.54627677881536,369.52992,21.1,8.55098697825342,267.21834307041934,9.61,300.3125,33.09415692958066,97.48
2022-06-06,6,2,20.352431408665147,369.52992,21.1,8.55098697825342,267.21834307041934,9.61,300.3125,33.09415692958066,97.48
2022-06-06,6,3,20.414036074917796,369.52992,21.1,8.55098697825342,267.21834307041934,9.61,300.3125,33.09415692958066,97.48
2022-06-06,7,1,16.756318443532148,369.52992,20.1,8.722405273091708,272.5751647841159,11.67,364.6875,92.11233521588412,97.49
2022-06-06,7,2,15.936063049693908,369.52992,20.1,8.722405273091708,272.5751647841159,11.67,364.6875,92.11233521588412,97.49
2022-06-06,7,3,15.894749273978464,369.52992,20.1,8.722405273091708,272.5751647841159,11.67,364.6875,92.11233521588412,97.49
2022-06-06,8,1,17.287571350599116,369.52992,21.3,8.517599414569538,266.1749817052981,11.07,345.9375,79.76251829470192,97.48
2022-06-06,8,2,17.820898333508534,369.52992,21.3,8.517599414569538,266.1749817052981,11.07,345.9375,79.76251829470192,97.48
2022-06-06,8,3,17.37919822766298,369.52992,21.3,8.517599414569538,266.1749817052981,11.07,345.9375,79.76251829470192,97.48
2022-06-13,1,1,16.371084721784538,358.78301,20.7,8.672877062915182,271.02740821609945,10.95,342.1875,71.16009178390055,98.08
2022-06-13,1,2,16.241996368525427,358.78301,20.7,8.672877062915182,271.02740821609945,10.95,342.1875,71.16009178390055,98.08
2022-06-13,1,3,16.228168187837433,358.78301,20.7,8.672877062915182,271.02740821609945,10.95,342.1875,71.16009178390055,98.08
2022-06-13,2,1,6.0922853333026135,358.78301,20.4,8.72350010139434,272.60937816857313,21.16,661.25,388.64062183142687,98.07
2022-06-13,2,2,5.588606344491682,358.78301,20.4,8.72350010139434,272.60937816857313,21.16,661.25,388.64062183142687,98.07
2022-06-13,2,3,6.363919895865955,358.78301,20.4,8.72350010139434,272.60937816857313,21.16,661.25,388.64062183142687,98.07
2022-06-13,3,1,20.17025611678299,358.78301,20.5,8.70626274826849,272.0707108833903,12.16,380,107.92928911660972,98.07
2022-06-13,3,2,16.480731910194095,358.78301,20.5,8.70626274826849,272.0707108833903,12.16,380,107.92928911660972,98.07
2022-06-13,3,3,17.229304594567967,358.78301,20.5,8.70626274826849,272.0707108833903,12.16,380,107.92928911660972,98.07
2022-06-13,4,1,11.543130762002548,358.78301,20.5,8.70626274826849,272.0707108833903,12.49,390.3125,118.24178911660972,98.07
2022-06-13,4,2,11.56191191353852,358.78301,20.5,8.70626274826849,272.0707108833903,12.49,390.3125,118.24178911660972,98.07
2022-06-13,4,3,11.590681390547726,358.78301,20.5,8.70626274826849,272.0707108833903,12.49,390.3125,118.24178911660972,98.07
2022-06-13,5,1,17.151561453087165,358.78301,21.2,8.586388151352006,268.3246297297502,10.51,328.4375,60.1128702702498,98.06
2022-06-13,5,2,17.33202341605194,358.78301,21.2,8.586388151352006,268.3246297297502,10.51,328.4375,60.1128702702498,98.06
2022-06-13,5,3,17.39883804788756,358.78301,21.2,8.586388151352006,268.3246297297502,10.51,328.4375,60.1128702702498,98.06
2022-06-13,6,1,6.199557085666421,358.78301,21.4,8.565467280347033,267.6708525108448,13.47,420.9375,153.26664748915522,98.2
2022-06-13,6,2,6.046659574935068,358.78301,21.4,8.565467280347033,267.6708525108448,13.47,420.9375,153.26664748915522,98.2
2022-06-13,6,3,6.936753021565894,358.78301,21.4,8.565467280347033,267.6708525108448,13.47,420.9375,153.26664748915522,98.2
2022-06-13,7,1,18.988479831174608,358.78301,21.7,8.506741231922033,265.83566349756353,10.7,334.375,68.53933650243647,98.1
2022-06-13,7,2,18.245463246237936,358.78301,21.7,8.506741231922033,265.83566349756353,10.7,334.375,68.53933650243647,98.1
2022-06-13,7,3,18.461019478331018,358.78301,21.7,8.506741231922033,265.83566349756353,10.7,334.375,68.53933650243647,98.1
2022-06-13,8,1,12.506894732549265,358.78301,21.6,8.529520199082764,266.5475062213364,11.44,357.5,90.9524937786636,98.17
2022-06-13,8,2,13.15911917641935,358.78301,21.6,8.529520199082764,266.5475062213364,11.44,357.5,90.9524937786636,98.17
2022-06-13,8,3,13.166739809590627,358.78301,21.6,8.529520199082764,266.5475062213364,11.44,357.5,90.9524937786636,98.17
2022-06-20,1,1,17.22723672255671,391.808395,24.8,8.087826226088804,252.74456956527516,10.07,314.6875,61.94293043472484,98.89
2022-06-20,1,2,17.159791686760464,391.808395,24.8,8.087826226088804,252.74456956527516,10.07,314.6875,61.94293043472484,98.89
2022-06-20,1,3,17.194355405263032,391.808395,24.8,8.087826226088804,252.74456956527516,10.07,314.6875,61.94293043472484,98.89
2022-06-20,2,1,2.622118588256826,391.808395,24.5,8.127902058843043,253.9969393388451,14.59,455.9375,201.9405606611549,98.83
2022-06-20,2,2,3.944621635693488,391.808395,24.5,8.127902058843043,253.9969393388451,14.59,455.9375,201.9405606611549,98.83
2022-06-20,2,3,4.012199615846594,391.808395,24.5,8.127902058843043,253.9969393388451,14.59,455.9375,201.9405606611549,98.83
2022-06-20,3,1,32.1596681873324,391.808395,24.2,8.173491954324547,255.4216235726421,11.25,351.5625,96.14087642735794,98.83
2022-06-20,3,2,30.261956361409133,391.808395,24.2,8.173491954324547,255.4216235726421,11.25,351.5625,96.14087642735794,98.83
2022-06-20,3,3,22.826706113223302,391.808395,24.2,8.173491954324547,255.4216235726421,11.25,351.5625,96.14087642735794,98.83
2022-06-20,4,1,7.929213876598365,391.808395,25.2,8.028284071602616,250.88387723758177,13.52,422.5,171.61612276241823,98.89
2022-06-20,4,2,8.802076509820562,391.808395,25.2,8.028284071602616,250.88387723758177,13.52,422.5,171.61612276241823,98.89
2022-06-20,4,3,7.176106113047469,391.808395,25.2,8.028284071602616,250.88387723758177,13.52,422.5,171.61612276241823,98.89
2022-06-20,5,1,14.64275857411144,391.808395,24.1,8.192207145046593,256.006473282706,10.38,324.375,68.368526717294,98.87
2022-06-20,5,2,14.775423962829327,391.808395,24.1,8.192207145046593,256.006473282706,10.38,324.375,68.368526717294,98.87
2022-06-20,5,3,14.995880954411344,391.808395,24.1,8.192207145046593,256.006473282706,10.38,324.375,68.368526717294,98.87
2022-06-20,6,1,4.857354209588895,391.808395,23.2,8.33311478748179,260.40983710880596,15.53,485.3125,224.90266289119404,98.88
2022-06-20,6,2,5.092228047480481,391.808395,23.2,8.33311478748179,260.40983710880596,15.53,485.3125,224.90266289119404,98.88
2022-06-20,6,3,4.902457767476317,391.808395,23.2,8.33311478748179,260.40983710880596,15.53,485.3125,224.90266289119404,98.88
2022-06-20,7,1,5.984409350724307,391.808395,23.4,8.300761954684464,259.3988110838895,14.81,462.8125,203.41368891611052,98.87
2022-06-20,7,2,6.364954248173171,391.808395,23.4,8.300761954684464,259.3988110838895,14.81,462.8125,203.41368891611052,98.87
2022-06-20,7,3,12.220010038530305,391.808395,23.4,8.300761954684464,259.3988110838895,14.81,462.8125,203.41368891611052,98.87
2022-06-20,8,1,7.202394846472941,391.808395,23.5,8.295457515682827,259.23304736508834,13.15,410.9375,151.70445263491166,98.99
2022-06-20,8,2,7.12736297915209,391.808395,23.5,8.295457515682827,259.23304736508834,13.15,410.9375,151.70445263491166,98.99
2022-06-20,8,3,6.88472093481741,391.808395,23.5,8.295457515682827,259.23304736508834,13.15,410.9375,151.70445263491166,98.99
2022-06-28,1,1,13.295288261238856,353.900965,26.9,7.801532968994498,243.79790528107807,9.54,298.125,54.32709471892193,99.11
2022-06-28,1,2,13.390758773323,353.900965,26.9,7.801532968994498,243.79790528107807,9.54,298.125,54.32709471892193,99.11
2022-06-28,1,3,13.205881888885855,353.900965,26.9,7.801532968994498,243.79790528107807,9.54,298.125,54.32709471892193,99.11
2022-06-28,2,1,10.074402912375453,353.900965,27.3,7.750585778265635,242.2058055708011,11.36,355,112.79419442919892,99.17
2022-06-28,2,2,8.901132269965728,353.900965,27.3,7.750585778265635,242.2058055708011,11.36,355,112.79419442919892,99.17
2022-06-28,2,3,10.025143306369165,353.900965,27.3,7.750585778265635,242.2058055708011,11.36,355,112.79419442919892,99.17
2022-06-28,3,1,14.709154140514087,353.900965,27.1,7.77598044898795,242.9993890308734,12.4,387.5,144.5006109691266,99.14
2022-06-28,3,2,16.028204423933598,353.900965,27.1,7.77598044898795,242.9993890308734,12.4,387.5,144.5006109691266,99.14
2022-06-28,3,3,18.656430427645237,353.900965,27.1,7.77598044898795,242.9993890308734,12.4,387.5,144.5006109691266,99.14
2022-06-28,4,1,9.712374783650892,353.900965,27.9,7.668902611456559,239.65320660801743,11.73,366.5625,126.90929339198254,99.18
2022-06-28,4,2,10.836576617097064,353.900965,27.9,7.668902611456559,239.65320660801743,11.73,366.5625,126.90929339198254,99.18
2022-06-28,4,3,10.35854865047892,353.900965,27.9,7.668902611456559,239.65320660801743,11.73,366.5625,126.90929339198254,99.18
2022-06-28,5,1,8.322683243664306,353.900965,24.9,8.099007051129703,253.0939703478032,9.83,307.1875,54.09352965219679,99.2
2022-06-28,5,2,7.997118674210831,353.900965,24.9,8.099007051129703,253.0939703478032,9.83,307.1875,54.09352965219679,99.2
2022-06-28,5,3,8.087157725741594,353.900965,24.9,8.099007051129703,253.0939703478032,9.83,307.1875,54.09352965219679,99.2
2022-06-28,6,1,0.6618156820020057,353.900965,25.1,8.069990529769237,252.18720405528867,17.19,537.1875,285.0002959447113,99.21
2022-06-28,6,2,0.3747945767019448,353.900965,25.1,8.069990529769237,252.18720405528867,17.19,537.1875,285.0002959447113,99.21
2022-06-28,6,3,0.492436695159086,353.900965,25.1,8.069990529769237,252.18720405528867,17.19,537.1875,285.0002959447113,99.21
2022-06-28,7,1,6.245173320148968,353.900965,25.4,8.024725918933685,250.77268496667764,12.18,380.625,129.85231503332236,99.2
2022-06-28,7,2,6.2641242981517005,353.900965,25.4,8.024725918933685,250.77268496667764,12.18,380.625,129.85231503332236,99.2
2022-06-28,7,3,6.057532633830131,353.900965,25.4,8.024725918933685,250.77268496667764,12.18,380.625,129.85231503332236,99.2
2022-06-28,8,1,5.753915046875456,353.900965,25,8.085737934042804,252.67931043883763,11.63,363.4375,110.75818956116235,99.22
2022-06-28,8,2,5.559865029464154,353.900965,25,8.085737934042804,252.67931043883763,11.63,363.4375,110.75818956116235,99.22
2022-06-28,8,3,5.508556240087773,353.900965,25,8.085737934042804,252.67931043883763,11.63,363.4375,110.75818956116235,99.22
2022-07-13,1,1,7.168123054775902,365.246495,25.5,7.967432054408066,248.98225170025208,9.29,290.3125,41.33024829974792,98.69
2022-07-13,1,2,8.549239134001583,365.246495,25.5,7.967432054408066,248.98225170025208,9.29,290.3125,41.33024829974792,98.69
2022-07-13,1,3,6.854777561802989,365.246495,25.5,7.967432054408066,248.98225170025208,9.29,290.3125,41.33024829974792,98.69
2022-07-13,2,1,8.086673039454467,365.246495,25,8.0385970272012,251.20615710003753,8.32,260,8.79384289996247,98.66
2022-07-13,2,2,10.441152192030204,365.246495,25,8.0385970272012,251.20615710003753,8.32,260,8.79384289996247,98.66
2022-07-13,2,3,12.465198093628088,365.246495,25,8.0385970272012,251.20615710003753,8.32,260,8.79384289996247,98.66
2022-07-13,3,1,24.02745749465938,365.246495,24.9,8.052631403821277,251.64473136941487,10.23,319.6875,68.04276863058513,98.65
2022-07-13,3,2,20.70839988055935,365.246495,24.9,8.052631403821277,251.64473136941487,10.23,319.6875,68.04276863058513,98.65
2022-07-13,3,3,22.961774084723885,365.246495,24.9,8.052631403821277,251.64473136941487,10.23,319.6875,68.04276863058513,98.65
2022-07-13,4,1,16.722176385546565,365.246495,24.4,8.125193825066955,253.91230703334236,7.2,225,-28.91230703334236,98.62
2022-07-13,4,2,22.37126792350701,365.246495,24.4,8.125193825066955,253.91230703334236,7.2,225,-28.91230703334236,98.62
2022-07-13,4,3,28.37135907416254,365.246495,24.4,8.125193825066955,253.91230703334236,7.2,225,-28.91230703334236,98.62
2022-07-13,5,1,7.412861995794678,365.246495,25.7,7.940783013689652,248.1494691778016,9.26,289.375,41.22553082219838,98.72
2022-07-13,5,2,5.79759021084486,365.246495,25.7,7.940783013689652,248.1494691778016,9.26,289.375,41.22553082219838,98.72
2022-07-13,5,3,5.736731231399707,365.246495,25.7,7.940783013689652,248.1494691778016,9.26,289.375,41.22553082219838,98.72
2022-07-13,6,1,4.625560545450019,365.246495,26.6,7.813503373006736,244.1719804064605,19.87,620.9375,376.76551959353947,98.74
2022-07-13,6,2,4.625560545450019,365.246495,26.6,7.813503373006736,244.1719804064605,19.87,620.9375,376.76551959353947,98.74
2022-07-13,6,3,4.625560545450019,365.246495,26.6,7.813503373006736,244.1719804064605,19.87,620.9375,376.76551959353947,98.74
2022-07-13,7,1,6.2276793502161185,365.246495,26.3,7.8552532365526915,245.47666364227163,13.55,423.4375,177.96083635772837,98.73
2022-07-13,7,2,6.2276793502161185,365.246495,26.3,7.8552532365526915,245.47666364227163,13.55,423.4375,177.96083635772837,98.73
2022-07-13,7,3,6.2276793502161185,365.246495,26.3,7.8552532365526915,245.47666364227163,13.55,423.4375,177.96083635772837,98.73
2022-07-13,8,1,4.595596188972325,365.246495,26.9,7.7713279378593265,242.8539980581039,15.19,474.6875,231.8335019418961,98.74
2022-07-13,8,2,4.906005875006677,365.246495,26.9,7.7713279378593265,242.8539980581039,15.19,474.6875,231.8335019418961,98.74
2022-07-13,8,3,4.79694603167732,365.246495,26.9,7.7713279378593265,242.8539980581039,15.19,474.6875,231.8335019418961,98.74
2022-07-21,1,1,7.096832073747883,361.8593,26.2,7.801840872004573,243.8075272501429,8.46,264.375,20.567472749857103,97.91
2022-07-21,1,2,7.199783620820479,361.8593,26.2,7.801840872004573,243.8075272501429,8.46,264.375,20.567472749857103,97.91
2022-07-21,1,3,7.533639808266219,361.8593,26.2,7.801840872004573,243.8075272501429,8.46,264.375,20.567472749857103,97.91
2022-07-21,2,1,13.189942499358793,361.8593,25.9,7.844624359995371,245.14451124985536,9.2,287.5,42.35548875014464,97.91
2022-07-21,2,2,14.62680149660812,361.8593,25.9,7.844624359995371,245.14451124985536,9.2,287.5,42.35548875014464,97.91
2022-07-21,2,3,13.273696195240715,361.8593,25.9,7.844624359995371,245.14451124985536,9.2,287.5,42.35548875014464,97.91
2022-07-21,3,1,35.19801333718073,361.8593,26,7.831974314022852,244.7491973132141,9.48,296.25,51.5008026867859,97.93
2022-07-21,3,2,31.04756085783698,361.8593,26,7.831974314022852,244.7491973132141,9.48,296.25,51.5008026867859,97.93
2022-07-21,3,3,38.47131890514226,361.8593,26,7.831974314022852,244.7491973132141,9.48,296.25,51.5008026867859,97.93
2022-07-21,4,1,6.235900266632604,361.8593,26.4,7.775188852204192,242.974651631381,11.65,364.0625,121.087848368619,97.93
2022-07-21,4,2,6.470423516309097,361.8593,26.4,7.775188852204192,242.974651631381,11.65,364.0625,121.087848368619,97.93
2022-07-21,4,3,6.379001564341326,361.8593,26.4,7.775188852204192,242.974651631381,11.65,364.0625,121.087848368619,97.93
2022-07-21,5,1,4.823566975141628,361.8593,25.9,7.843794844697578,245.11858889679928,8.6,268.75,23.63141110320072,97.9
2022-07-21,5,2,4.7160856636681565,361.8593,25.9,7.843794844697578,245.11858889679928,8.6,268.75,23.63141110320072,97.9
2022-07-21,5,3,4.777832993341793,361.8593,25.9,7.843794844697578,245.11858889679928,8.6,268.75,23.63141110320072,97.9
2022-07-21,6,1,0.6587097676966525,361.8593,25.4,7.916008402324779,247.37526257264935,11.33,354.0625,106.68723742735062,97.9
2022-07-21,6,2,0.687901281913423,361.8593,25.4,7.916008402324779,247.37526257264935,11.33,354.0625,106.68723742735062,97.9
2022-07-21,6,3,0.3885424979907744,361.8593,25.4,7.916008402324779,247.37526257264935,11.33,354.0625,106.68723742735062,97.9
2022-07-21,7,1,4.748695261579572,361.8593,25.8,7.859807178800667,245.61897433752085,10.65,332.8125,87.19352566247915,97.92
2022-07-21,7,2,3.16961844457402,361.8593,25.8,7.859807178800667,245.61897433752085,10.65,332.8125,87.19352566247915,97.92
2022-07-21,7,3,3.668936927103957,361.8593,25.8,7.859807178800667,245.61897433752085,10.65,332.8125,87.19352566247915,97.92
2022-07-21,8,1,5.126666125920632,361.8593,25.3,7.926402205669101,247.7000689271594,8.41,262.8125,15.112431072840591,97.85
2022-07-21,8,2,5.451281057031105,361.8593,25.3,7.926402205669101,247.7000689271594,8.41,262.8125,15.112431072840591,97.85
2022-07-21,8,3,5.337219613413587,361.8593,25.3,7.926402205669101,247.7000689271594,8.41,262.8125,15.112431072840591,97.85
2022-07-28,1,1,6.893333398314087,361.530665,25.6,7.927828957604476,247.74465492513988,8.57,267.8125,20.067845074860116,98.39
2022-07-28,1,2,7.603762885995541,361.530665,25.6,7.927828957604476,247.74465492513988,8.57,267.8125,20.067845074860116,98.39
2022-07-28,1,3,6.570095596339189,361.530665,25.6,7.927828957604476,247.74465492513988,8.57,267.8125,20.067845074860116,98.39
2022-07-28,2,1,8.177697613006142,361.530665,25.3,7.970798130400719,249.08744157502247,9.17,286.5625,37.47505842497753,98.38
2022-07-28,2,2,7.274909527807885,361.530665,25.3,7.970798130400719,249.08744157502247,9.17,286.5625,37.47505842497753,98.38
2022-07-28,2,3,7.69932173804413,361.530665,25.3,7.970798130400719,249.08744157502247,9.17,286.5625,37.47505842497753,98.38
2022-07-28,3,1,16.262043699067206,361.530665,25.4,7.955313966021846,248.60356143818268,10.34,323.125,74.52143856181732,98.37
2022-07-28,3,2,13.363047745954136,361.530665,25.4,7.955313966021846,248.60356143818268,10.34,323.125,74.52143856181732,98.37
2022-07-28,3,3,15.105160100756802,361.530665,25.4,7.955313966021846,248.60356143818268,10.34,323.125,74.52143856181732,98.37
2022-07-28,4,1,6.695366759888653,361.530665,26.5,7.79971717393238,243.74116168538688,12.14,379.375,135.63383831461312,98.4
2022-07-28,4,2,5.407515358868382,361.530665,26.5,7.79971717393238,243.74116168538688,12.14,379.375,135.63383831461312,98.4
2022-07-28,4,3,5.8704877676878295,361.530665,26.5,7.79971717393238,243.74116168538688,12.14,379.375,135.63383831461312,98.4
2022-07-28,5,1,4.819705260001236,361.530665,25.9,7.87780497190711,246.18140537209715,9.1,284.375,38.193594627902854,98.31
2022-07-28,5,2,4.110332353947592,361.530665,25.9,7.87780497190711,246.18140537209715,9.1,284.375,38.193594627902854,98.31
2022-07-28,5,3,4.2372322415931984,361.530665,25.9,7.87780497190711,246.18140537209715,9.1,284.375,38.193594627902854,98.31
2022-07-28,6,1,0.2407781483400473,361.530665,25.7,7.906662444732909,247.0832013979034,13.15,410.9375,163.8542986020966,98.31
2022-07-28,6,2,0.2407781483400473,361.530665,25.7,7.906662444732909,247.0832013979034,13.15,410.9375,163.8542986020966,98.31
2022-07-28,6,3,0.2407781483400473,361.530665,25.7,7.906662444732909,247.0832013979034,13.15,410.9375,163.8542986020966,98.31
2022-07-28,7,1,4.706192485166538,361.530665,26.1,7.851611094600195,245.3628467062561,11.78,368.125,122.76215329374388,98.34
2022-07-28,7,2,3.141455684090692,361.530665,26.1,7.851611094600195,245.3628467062561,11.78,368.125,122.76215329374388,98.34
2022-07-28,7,3,3.63620183256608,361.530665,26.1,7.851611094600195,245.3628467062561,11.78,368.125,122.76215329374388,98.34
2022-07-28,8,1,5.121555157791305,361.530665,25.5,7.934870038321429,247.96468869754463,10.22,319.375,71.41031130245534,98.3
2022-07-28,8,2,4.056743734414998,361.530665,25.5,7.934870038321429,247.96468869754463,10.22,319.375,71.41031130245534,98.3
2022-07-28,8,3,4.327329244317847,361.530665,25.5,7.934870038321429,247.96468869754463,10.22,319.375,71.41031130245534,98.3
2022-08-04,1,1,6.015214746873673,361.44697,25.7,7.936621968694927,248.01943652171644,8.84,276.25,28.230563478283557,98.67
2022-08-04,1,2,5.462874171880074,361.44697,25.7,7.936621968694927,248.01943652171644,8.84,276.25,28.230563478283557,98.67
2022-08-04,1,3,5.526942244818035,361.44697,25.7,7.936621968694927,248.01943652171644,8.84,276.25,28.230563478283557,98.67
2022-08-04,2,1,5.730052637848494,361.44697,25.1,8.024608087776134,250.7690027430042,8.82,275.625,24.855997256995806,98.67
2022-08-04,2,2,6.982321414861243,361.44697,25.1,8.024608087776134,250.7690027430042,8.82,275.625,24.855997256995806,98.67
2022-08-04,2,3,6.377452514263075,361.44697,25.1,8.024608087776134,250.7690027430042,8.82,275.625,24.855997256995806,98.67
2022-08-04,3,1,18.064695304592338,361.44697,24.6,8.099246588672333,253.1014558960104,9.01,281.5625,28.46104410398962,98.67
2022-08-04,3,2,22.510927000317643,361.44697,24.6,8.099246588672333,253.1014558960104,9.01,281.5625,28.46104410398962,98.67
2022-08-04,3,3,19.05532328908668,361.44697,24.6,8.099246588672333,253.1014558960104,9.01,281.5625,28.46104410398962,98.67
2022-08-04,4,1,8.708984160521952,361.44697,25,8.039438829109086,251.23246340965895,7.37,230.3125,-20.919963409658948,98.67
2022-08-04,4,2,11.400585494402709,361.44697,25,8.039438829109086,251.23246340965895,7.37,230.3125,-20.919963409658948,98.67
2022-08-04,4,3,8.846733684407996,361.44697,25,8.039438829109086,251.23246340965895,7.37,230.3125,-20.919963409658948,98.67
2022-08-04,5,1,5.004859368282813,361.44697,25.8,7.922952505465386,247.59226579579337,8.47,264.6875,17.095234204206662,98.68
2022-08-04,5,2,4.11842051543449,361.44697,25.8,7.922952505465386,247.59226579579337,8.47,264.6875,17.095234204206662,98.68
2022-08-04,5,3,5.254339466177228,361.44697,25.8,7.922952505465386,247.59226579579337,8.47,264.6875,17.095234204206662,98.68
2022-08-04,6,1,3.5769000601892604,361.44697,26,7.896572056453484,246.76787676417135,15.87,495.9375,249.16962323582865,98.71
2022-08-04,6,2,3.512599927157402,361.44697,26,7.896572056453484,246.76787676417135,15.87,495.9375,249.16962323582865,98.71
2022-08-04,6,3,3.5535149046616925,361.44697,26,7.896572056453484,246.76787676417135,15.87,495.9375,249.16962323582865,98.71
2022-08-04,7,1,2.821463211884746,361.44697,26.5,7.825185443427442,244.5370451071076,10.62,331.875,87.33795489289241,98.71
2022-08-04,7,2,2.821463211884746,361.44697,26.5,7.825185443427442,244.5370451071076,10.62,331.875,87.33795489289241,98.71
2022-08-04,7,3,2.821463211884746,361.44697,26.5,7.825185443427442,244.5370451071076,10.62,331.875,87.33795489289241,98.71
2022-08-04,8,1,4.949519290169,361.44697,26.6,7.811042627828649,244.0950821196453,9.68,302.5,58.4049178803547,98.71
2022-08-04,8,2,4.64259692304803,361.44697,26.6,7.811042627828649,244.0950821196453,9.68,302.5,58.4049178803547,98.71
2022-08-04,8,3,5.094541229146742,361.44697,26.6,7.811042627828649,244.0950821196453,9.68,302.5,58.4049178803547,98.71
2022-08-12,1,1,5.170292437292039,346.66145,25.4,8.043960556487566,251.3737673902364,9.28,290,38.626232609763576,99.43
2022-08-12,1,2,5.197678612278698,346.66145,25.4,8.043960556487566,251.3737673902364,9.28,290,38.626232609763576,99.43
2022-08-12,1,3,5.1410763197699225,346.66145,25.4,8.043960556487566,251.3737673902364,9.28,290,38.626232609763576,99.43
2022-08-12,2,1,4.123453773509486,346.66145,24.4,8.194062722720611,256.0644600850191,8.71,272.1875,16.123039914980893,99.43
2022-08-12,2,2,4.0258111529612615,346.66145,24.4,8.194062722720611,256.0644600850191,8.71,272.1875,16.123039914980893,99.43
2022-08-12,2,3,3.5694118050169408,346.66145,24.4,8.194062722720611,256.0644600850191,8.71,272.1875,16.123039914980893,99.43
2022-08-12,3,1,6.659689101767792,346.66145,24.4,8.191512022807514,255.9847507127348,10.07,314.6875,58.70274928726519,99.4
2022-08-12,3,2,6.688737815226688,346.66145,24.4,8.191512022807514,255.9847507127348,10.07,314.6875,58.70274928726519,99.4
2022-08-12,3,3,6.716433120803916,346.66145,24.4,8.191512022807514,255.9847507127348,10.07,314.6875,58.70274928726519,99.4
2022-08-12,4,1,3.7773610576254297,346.66145,24.7,8.143440930183788,254.48252906824337,10.87,339.6875,85.20497093175663,99.37
2022-08-12,4,2,3.4235525872974497,346.66145,24.7,8.143440930183788,254.48252906824337,10.87,339.6875,85.20497093175663,99.37
2022-08-12,4,3,3.5032475423004676,346.66145,24.7,8.143440930183788,254.48252906824337,10.87,339.6875,85.20497093175663,99.37
2022-08-12,5,1,5.50252588001058,346.66145,25.1,8.089320088395931,252.7912527623729,8.52,266.25,13.458747237627136,99.44
2022-08-12,5,2,5.319709106184025,346.66145,25.1,8.089320088395931,252.7912527623729,8.52,266.25,13.458747237627136,99.44
2022-08-12,5,3,5.317754176132278,346.66145,25.1,8.089320088395931,252.7912527623729,8.52,266.25,13.458747237627136,99.44
2022-08-12,6,1,3.74908361775857,346.66145,25,8.107624783647834,253.36327448899485,7.27,227.1875,-26.175774488994847,99.48
2022-08-12,6,2,3.739571411013492,346.66145,25,8.107624783647834,253.36327448899485,7.27,227.1875,-26.175774488994847,99.48
2022-08-12,6,3,3.730059594954613,346.66145,25,8.107624783647834,253.36327448899485,7.27,227.1875,-26.175774488994847,99.48
2022-08-12,7,1,2.442677824378367,346.66145,25.3,8.059589979863956,251.86218687074864,11.17,349.0625,97.20031312925136,99.44
2022-08-12,7,2,1.6249150430989792,346.66145,25.3,8.059589979863956,251.86218687074864,11.17,349.0625,97.20031312925136,99.44
2022-08-12,7,3,1.7405690101090705,346.66145,25.3,8.059589979863956,251.86218687074864,11.17,349.0625,97.20031312925136,99.44
2022-08-12,8,1,4.916624739526614,346.66145,24.3,8.213603017009914,256.67509428155984,7.85,245.3125,-11.362594281559836,99.48
2022-08-12,8,2,4.799550828328131,346.66145,24.3,8.213603017009914,256.67509428155984,7.85,245.3125,-11.362594281559836,99.48
2022-08-12,8,3,4.723958460738163,346.66145,24.3,8.213603017009914,256.67509428155984,7.85,245.3125,-11.362594281559836,99.48
2022-08-18,1,1,4.5000104164784505,326.409745,24.2,8.164107990689669,255.1283747090521,10.62,331.875,76.74662529094789,98.72
2022-08-18,1,2,4.830287691056646,326.409745,24.2,8.164107990689669,255.1283747090521,10.62,331.875,76.74662529094789,98.72
2022-08-18,1,3,4.764735886562413,326.409745,24.2,8.164107990689669,255.1283747090521,10.62,331.875,76.74662529094789,98.72
2022-08-18,2,1,5.592121971146059,326.409745,24.2,8.164107990689669,255.1283747090521,8.74,273.125,17.99662529094789,98.72
2022-08-18,2,2,5.432309153326465,326.409745,24.2,8.164107990689669,255.1283747090521,8.74,273.125,17.99662529094789,98.72
2022-08-18,2,3,5.335959212590609,326.409745,24.2,8.164107990689669,255.1283747090521,8.74,273.125,17.99662529094789,98.72
2022-08-18,3,1,4.111748887534523,326.409745,24.9,8.057690565345832,251.80283016705724,14.41,450.3125,198.50966983294276,98.71
2022-08-18,3,2,4.541252361233304,326.409745,24.9,8.057690565345832,251.80283016705724,14.41,450.3125,198.50966983294276,98.71
2022-08-18,3,3,2.5982040390895413,326.409745,24.9,8.057690565345832,251.80283016705724,14.41,450.3125,198.50966983294276,98.71
2022-08-18,4,1,3.06990614138071,326.409745,24.9,8.056847371758407,251.77648036745015,11.54,360.625,108.84851963254982,98.7
2022-08-18,4,2,3.1098706510284244,326.409745,24.9,8.056847371758407,251.77648036745015,11.54,360.625,108.84851963254982,98.7
2022-08-18,4,3,3.1868607187704994,326.409745,24.9,8.056847371758407,251.77648036745015,11.54,360.625,108.84851963254982,98.7
2022-08-18,5,1,5.199306549749155,326.409745,24.5,8.115169842301999,253.59905757193744,10.55,329.6875,76.08844242806254,98.68
2022-08-18,5,2,5.291662894268428,326.409745,24.5,8.115169842301999,253.59905757193744,10.55,329.6875,76.08844242806254,98.68
2022-08-18,5,3,5.160102373423465,326.409745,24.5,8.115169842301999,253.59905757193744,10.55,329.6875,76.08844242806254,98.68
2022-08-18,6,1,0.5256231398869704,326.409745,25.6,7.948668048449626,248.39587651405083,15.14,473.125,224.72912348594917,98.64
2022-08-18,6,2,0.7536261694627892,326.409745,25.6,7.948668048449626,248.39587651405083,15.14,473.125,224.72912348594917,98.64
2022-08-18,6,3,0.7693933339922433,326.409745,25.6,7.948668048449626,248.39587651405083,15.14,473.125,224.72912348594917,98.64
2022-08-18,7,1,2.4927329235341276,326.409745,25.1,8.024608087776134,250.7690027430042,12.32,385,134.2309972569958,98.67
2022-08-18,7,2,2.443901377101341,326.409745,25.1,8.024608087776134,250.7690027430042,12.32,385,134.2309972569958,98.67
2022-08-18,7,3,2.652176821082872,326.409745,25.1,8.024608087776134,250.7690027430042,12.32,385,134.2309972569958,98.67
2022-08-18,8,1,3.4407821856511,326.409745,25.6,7.946167357548209,248.3177299233815,12.43,388.4375,140.1197700766185,98.61
2022-08-18,8,2,3.4347809778335265,326.409745,25.6,7.946167357548209,248.3177299233815,12.43,388.4375,140.1197700766185,98.61
2022-08-18,8,3,3.629079961788004,326.409745,25.6,7.946167357548209,248.3177299233815,12.43,388.4375,140.1197700766185,98.61
2022-09-09,1,1,6.565191123267923,345.897055,22.6,8.380644116709213,261.8951286471629,10.11,315.9375,54.04237135283711,98.33
2022-09-09,1,2,6.69588439227442,345.897055,22.6,8.380644116709213,261.8951286471629,10.11,315.9375,54.04237135283711,98.33
2022-09-09,1,3,10.653585265698442,345.897055,22.6,8.380644116709213,261.8951286471629,10.11,315.9375,54.04237135283711,98.33
2022-09-09,2,1,14.451003732327331,345.897055,22.6,8.379767376203974,261.8677305063742,7.18,224.375,-37.49273050637419,98.32
2022-09-09,2,2,15.224889534493617,345.897055,22.6,8.379767376203974,261.8677305063742,7.18,224.375,-37.49273050637419,98.32
2022-09-09,2,3,18.480531300249087,345.897055,22.6,8.379767376203974,261.8677305063742,7.18,224.375,-37.49273050637419,98.32
2022-09-09,3,1,65.00271419826402,345.897055,22.8,8.343435742720338,260.73236696001055,6.76,211.25,-49.48236696001055,98.27
2022-09-09,3,2,61.785790103854104,345.897055,22.8,8.343435742720338,260.73236696001055,6.76,211.25,-49.48236696001055,98.27
2022-09-09,3,3,63.393440785402774,345.897055,22.8,8.343435742720338,260.73236696001055,6.76,211.25,-49.48236696001055,98.27
2022-09-09,4,1,5.490469993966622,345.897055,23.9,8.172377965711444,255.38681142848264,11.83,369.6875,114.30068857151736,98.28
2022-09-09,4,2,4.594025273363353,345.897055,23.9,8.172377965711444,255.38681142848264,11.83,369.6875,114.30068857151736,98.28
2022-09-09,4,3,5.5772637101613745,345.897055,23.9,8.172377965711444,255.38681142848264,11.83,369.6875,114.30068857151736,98.28
2022-09-09,5,1,7.150772054862099,345.897055,22.9,8.334520416521645,260.4537630163014,10.25,320.3125,59.85873698369858,98.35
2022-09-09,5,2,6.27799093885116,345.897055,22.9,8.334520416521645,260.4537630163014,10.25,320.3125,59.85873698369858,98.35
2022-09-09,5,3,6.150996553363932,345.897055,22.9,8.334520416521645,260.4537630163014,10.25,320.3125,59.85873698369858,98.35
2022-09-09,6,1,4.54539914177575,345.897055,24,8.161338624031957,255.04183200099865,10.35,323.4375,68.39566799900135,98.33
2022-09-09,6,2,4.77895490151995,345.897055,24,8.161338624031957,255.04183200099865,10.35,323.4375,68.39566799900135,98.33
2022-09-09,6,3,4.8347357385364385,345.897055,24,8.161338624031957,255.04183200099865,10.35,323.4375,68.39566799900135,98.33
2022-09-09,7,1,5.734629393723796,345.897055,24.1,8.14606289850014,254.5644655781294,11.36,355,100.4355344218706,98.33
2022-09-09,7,2,5.618479598844165,345.897055,24.1,8.14606289850014,254.5644655781294,11.36,355,100.4355344218706,98.33
2022-09-09,7,3,5.320712358618826,345.897055,24.1,8.14606289850014,254.5644655781294,11.36,355,100.4355344218706,98.33
2022-09-09,8,1,6.078692079003685,345.897055,23.3,8.273167555714359,258.5364861160737,9.75,304.6875,46.15101388392628,98.37
2022-09-09,8,2,6.243321697668959,345.897055,23.3,8.273167555714359,258.5364861160737,9.75,304.6875,46.15101388392628,98.37
2022-09-09,8,3,6.415097815718894,345.897055,23.3,8.273167555714359,258.5364861160737,9.75,304.6875,46.15101388392628,98.37
2022-09-23,1,1,14.34323780242782,347.24287,19.7,8.96503712498781,280.157410155869,8.15,254.6875,-25.469910155869,99.36
2022-09-23,1,2,14.553834400204169,347.24287,19.7,8.96503712498781,280.157410155869,8.15,254.6875,-25.469910155869,99.36
2022-09-23,1,3,15.607908445293818,347.24287,19.7,8.96503712498781,280.157410155869,8.15,254.6875,-25.469910155869,99.36
2022-09-23,2,1,10.197017289640172,347.24287,19.2,9.05360807623231,282.92525238225966,10.27,320.9375,38.01224761774034,99.34
2022-09-23,2,2,10.209091138467612,347.24287,19.2,9.05360807623231,282.92525238225966,10.27,320.9375,38.01224761774034,99.34
2022-09-23,2,3,10.475258803625143,347.24287,19.2,9.05360807623231,282.92525238225966,10.27,320.9375,38.01224761774034,99.34
2022-09-23,3,1,28.508211725999796,347.24287,18.6,9.160522769055808,286.266336532994,9.1,284.375,-1.8913365329939893,99.3
2022-09-23,3,2,37.45907534066307,347.24287,18.6,9.160522769055808,286.266336532994,9.1,284.375,-1.8913365329939893,99.3
2022-09-23,3,3,37.70288422311032,347.24287,18.6,9.160522769055808,286.266336532994,9.1,284.375,-1.8913365329939893,99.3
2022-09-23,4,1,22.504673534462963,347.24287,19.1,9.070020538075005,283.43814181484385,8.01,250.3125,-33.125641814843846,99.32
2022-09-23,4,2,22.574481194546205,347.24287,19.1,9.070020538075005,283.43814181484385,8.01,250.3125,-33.125641814843846,99.32
2022-09-23,4,3,22.27192740114615,347.24287,19.1,9.070020538075005,283.43814181484385,8.01,250.3125,-33.125641814843846,99.32
2022-09-23,5,1,9.803150567730494,347.24287,19.6,8.982068809926993,280.68965031021855,8.4,262.5,-18.189650310218553,99.35
2022-09-23,5,2,9.996833531227113,347.24287,19.6,8.982068809926993,280.68965031021855,8.4,262.5,-18.189650310218553,99.35
2022-09-23,5,3,9.815518541721117,347.24287,19.6,8.982068809926993,280.68965031021855,8.4,262.5,-18.189650310218553,99.35
2022-09-23,6,1,7.100801726023314,347.24287,18.7,9.147560183729976,285.86125574156176,8.72,272.5,-13.361255741561765,99.36
2022-09-23,6,2,7.386233306754233,347.24287,18.7,9.147560183729976,285.86125574156176,8.72,272.5,-13.361255741561765,99.36
2022-09-23,6,3,7.67243270351117,347.24287,18.7,9.147560183729976,285.86125574156176,8.72,272.5,-13.361255741561765,99.36
2022-09-23,7,1,7.73882749645502,347.24287,19,9.086492394562294,283.9528873300717,9.37,292.8125,8.85961266992831,99.3
2022-09-23,7,2,7.2913120966835665,347.24287,19,9.086492394562294,283.9528873300717,9.37,292.8125,8.85961266992831,99.3
2022-09-23,7,3,7.295258317893858,347.24287,19,9.086492394562294,283.9528873300717,9.37,292.8125,8.85961266992831,99.3
2022-09-23,8,1,14.789969696581377,347.24287,18.8,9.129008374529864,285.28151170405823,7.65,239.0625,-46.21901170405823,99.36
2022-09-23,8,2,14.649005404191849,347.24287,18.8,9.129008374529864,285.28151170405823,7.65,239.0625,-46.21901170405823,99.36
2022-09-23,8,3,14.868767337810487,347.24287,18.8,9.129008374529864,285.28151170405823,7.65,239.0625,-46.21901170405823,99.36
2022-10-19,1,1,18.071377580243535,354.63195,7.4,11.708977637252634,365.9055511641448,11.31,353.4375,-12.46805116414481,98.74
2022-10-19,1,2,18.41741605796401,354.63195,7.4,11.708977637252634,365.9055511641448,11.31,353.4375,-12.46805116414481,98.74
2022-10-19,1,3,18.297316294492475,354.63195,7.4,11.708977637252634,365.9055511641448,11.31,353.4375,-12.46805116414481,98.74
2022-10-19,2,1,18.07509693311834,354.63195,6.4,11.991378943432066,374.73059198225207,12.84,401.25,26.519408017747935,98.63
2022-10-19,2,2,19.063169476795288,354.63195,6.4,11.991378943432066,374.73059198225207,12.84,401.25,26.519408017747935,98.63
2022-10-19,2,3,19.16358458502794,354.63195,6.4,11.991378943432066,374.73059198225207,12.84,401.25,26.519408017747935,98.63
2022-10-19,3,1,16.933592122474998,354.63195,7.5,11.66454241539859,364.5169504812059,11.84,370,5.4830495187940755,98.61
2022-10-19,3,2,17.13509146564478,354.63195,7.5,11.66454241539859,364.5169504812059,11.84,370,5.4830495187940755,98.61
2022-10-19,3,3,16.89412315680947,354.63195,7.5,11.66454241539859,364.5169504812059,11.84,370,5.4830495187940755,98.61
2022-10-19,4,1,22.282364460894264,354.63195,8.1,11.48807826004406,359.00244562637687,11.59,362.1875,3.1850543736231316,98.56
2022-10-19,4,2,22.092277243458703,354.63195,8.1,11.48807826004406,359.00244562637687,11.59,362.1875,3.1850543736231316,98.56
2022-10-19,4,3,21.07741205457927,354.63195,8.1,11.48807826004406,359.00244562637687,11.59,362.1875,3.1850543736231316,98.56
2022-10-19,5,1,15.745474803572447,354.63195,6.7,11.905012851158148,372.03165159869206,11.72,366.25,-5.781651598692065,98.66
2022-10-19,5,2,15.785050614610428,354.63195,6.7,11.905012851158148,372.03165159869206,11.72,366.25,-5.781651598692065,98.66
2022-10-19,5,3,15.674657863228674,354.63195,6.7,11.905012851158148,372.03165159869206,11.72,366.25,-5.781651598692065,98.66
2022-10-19,6,1,11.741167699319949,354.63195,5.7,12.214813281442945,381.712915045092,12.83,400.9375,19.22458495490804,98.7
2022-10-19,6,2,11.95680109301738,354.63195,5.7,12.214813281442945,381.712915045092,12.83,400.9375,19.22458495490804,98.7
2022-10-19,6,3,11.48361906614858,354.63195,5.7,12.214813281442945,381.712915045092,12.83,400.9375,19.22458495490804,98.7
2022-10-19,7,1,17.11080525367538,354.63195,6.5,11.964915155153278,373.90359859854,12.13,379.0625,5.158901401460014,98.66
2022-10-19,7,2,17.267378821457957,354.63195,6.5,11.964915155153278,373.90359859854,12.13,379.0625,5.158901401460014,98.66
2022-10-19,7,3,16.744596771534198,354.63195,6.5,11.964915155153278,373.90359859854,12.13,379.0625,5.158901401460014,98.66
2022-10-19,8,1,19.808628692305213,354.63195,7,11.816127638220156,369.2539886943798,11.42,356.875,-12.37898869437987,98.66
2022-10-19,8,2,19.413065681565232,354.63195,7,11.816127638220156,369.2539886943798,11.42,356.875,-12.37898869437987,98.66
2022-10-19,8,3,20.20781173725555,354.63195,7,11.816127638220156,369.2539886943798,11.42,356.875,-12.37898869437987,98.66
2022-10-28,1,1,15.823921991793505,369.02859,11.5,10.749671841300891,335.92724504065285,11.74,366.875,30.94775495934715,99.94
2022-10-28,1,2,15.792522846321225,369.02859,11.5,10.749671841300891,335.92724504065285,11.74,366.875,30.94775495934715,99.94
2022-10-28,1,3,15.286126228165706,369.02859,11.5,10.749671841300891,335.92724504065285,11.74,366.875,30.94775495934715,99.94
2022-10-28,2,1,14.611875371763656,369.02859,10.8,10.923833967726782,341.369811491462,12.37,386.5625,45.192688508538026,99.93
2022-10-28,2,2,14.127857889002764,369.02859,10.8,10.923833967726782,341.369811491462,12.37,386.5625,45.192688508538026,99.93
2022-10-28,2,3,14.326731127436616,369.02859,10.8,10.923833967726782,341.369811491462,12.37,386.5625,45.192688508538026,99.93
2022-10-28,3,1,20.169371260505216,369.02859,10.4,11.027378881810726,344.6055900565852,12.73,397.8125,53.206909943414814,99.94
2022-10-28,3,2,20.313586408823287,369.02859,10.4,11.027378881810726,344.6055900565852,12.73,397.8125,53.206909943414814,99.94
2022-10-28,3,3,20.39299141308708,369.02859,10.4,11.027378881810726,344.6055900565852,12.73,397.8125,53.206909943414814,99.94
2022-10-28,4,1,17.48831939803206,369.02859,10.8,10.927156420912173,341.4736381535054,11.78,368.125,26.65136184649458,99.96
2022-10-28,4,2,20.525359787380054,369.02859,10.8,10.927156420912173,341.4736381535054,11.78,368.125,26.65136184649458,99.96
2022-10-28,4,3,21.01080038746696,369.02859,10.8,10.927156420912173,341.4736381535054,11.78,368.125,26.65136184649458,99.96
2022-10-28,5,1,15.886626976470728,369.02859,12,10.6124044754052,331.63763985641253,11.58,361.875,30.237360143587463,99.8
2022-10-28,5,2,15.651701860211174,369.02859,12,10.6124044754052,331.63763985641253,11.58,361.875,30.237360143587463,99.8
2022-10-28,5,3,14.962223986982965,369.02859,12,10.6124044754052,331.63763985641253,11.58,361.875,30.237360143587463,99.8
2022-10-28,6,1,7.743533310961936,369.02859,11.2,10.811001805750662,337.84380642970814,12.89,402.8125,64.96869357029186,99.82
2022-10-28,6,2,7.834567348709925,369.02859,11.2,10.811001805750662,337.84380642970814,12.89,402.8125,64.96869357029186,99.82
2022-10-28,6,3,7.849948961487157,369.02859,11.2,10.811001805750662,337.84380642970814,12.89,402.8125,64.96869357029186,99.82
2022-10-28,7,1,12.125600604153057,369.02859,10.5,10.993806216589494,343.55644426842173,12.79,399.6875,56.13105573157827,99.87
2022-10-28,7,2,12.226320891186145,369.02859,10.5,10.993806216589494,343.55644426842173,12.79,399.6875,56.13105573157827,99.87
2022-10-28,7,3,12.12405026149364,369.02859,10.5,10.993806216589494,343.55644426842173,12.79,399.6875,56.13105573157827,99.87
2022-10-28,8,1,15.779044482186926,369.02859,12.8,10.42012964038395,325.6290512619984,11.49,359.0625,33.43344873800157,99.78
2022-10-28,8,2,15.837557027265271,369.02859,12.8,10.42012964038395,325.6290512619984,11.49,359.0625,33.43344873800157,99.78
2022-10-28,8,3,15.578276850830637,369.02859,12.8,10.42012964038395,325.6290512619984,11.49,359.0625,33.43344873800157,99.78
2023-01-23,1,1,7.9346937231517645,370.355705,1.7,13.575673496819,424.2397967755938,20.77,649.0625,224.8227032244062,98.67
2023-01-23,1,2,10.312925204455803,370.355705,1.7,13.575673496819,424.2397967755938,20.77,649.0625,224.8227032244062,98.67
2023-01-23,1,3,26.077882816927975,370.355705,1.7,13.575673496819,424.2397967755938,20.77,649.0625,224.8227032244062,98.67
2023-01-23,2,1,17.640827400527705,370.355705,0.6,13.988218432067788,437.1318260021184,22.48,702.5,265.3681739978816,98.61
2023-01-23,2,2,21.15793422780829,370.355705,0.6,13.988218432067788,437.1318260021184,22.48,702.5,265.3681739978816,98.61
2023-01-23,2,3,16.683960698823537,370.355705,0.6,13.988218432067788,437.1318260021184,22.48,702.5,265.3681739978816,98.61
2023-01-23,3,1,11.90281965450167,370.355705,1.6,13.601958466751082,425.0612020859713,20.85,651.5625,226.50129791402873,98.59
2023-01-23,3,2,11.140088509530251,370.355705,1.6,13.601958466751082,425.0612020859713,20.85,651.5625,226.50129791402873,98.59
2023-01-23,3,3,11.343951129804836,370.355705,1.6,13.601958466751082,425.0612020859713,20.85,651.5625,226.50129791402873,98.59
2023-01-23,4,1,14.292590770902224,370.355705,2.3,13.335778958836324,416.7430924636351,23.23,725.9375,309.19440753636485,98.53
2023-01-23,4,2,16.565047433993946,370.355705,2.3,13.335778958836324,416.7430924636351,23.23,725.9375,309.19440753636485,98.53
2023-01-23,4,3,20.44837554898113,370.355705,2.3,13.335778958836324,416.7430924636351,23.23,725.9375,309.19440753636485,98.53
2023-01-23,5,1,18.978758229633502,370.355705,1.6,13.58111920799422,424.40997524981935,16.95,529.6875,105.27752475018065,98.44
2023-01-23,5,2,13.202753060518408,370.355705,1.6,13.58111920799422,424.40997524981935,16.95,529.6875,105.27752475018065,98.44
2023-01-23,5,3,13.339759109130716,370.355705,1.6,13.58111920799422,424.40997524981935,16.95,529.6875,105.27752475018065,98.44
2023-01-23,6,1,40.64381794513896,370.355705,1.3,13.699704152570426,428.1157547678258,15.32,478.75,50.63424523217418,98.48
2023-01-23,6,2,36.98205403114743,370.355705,1.3,13.699704152570426,428.1157547678258,15.32,478.75,50.63424523217418,98.48
2023-01-23,6,3,38.48291707469264,370.355705,1.3,13.699704152570426,428.1157547678258,15.32,478.75,50.63424523217418,98.48
2023-01-23,7,1,26.576273360453843,370.355705,0.7,13.920583298715275,435.0182280848524,18.84,588.75,153.7317719151476,98.41
2023-01-23,7,2,28.220767675438964,370.355705,0.7,13.920583298715275,435.0182280848524,18.84,588.75,153.7317719151476,98.41
2023-01-23,7,3,27.02422974142248,370.355705,0.7,13.920583298715275,435.0182280848524,18.84,588.75,153.7317719151476,98.41
2023-01-23,8,1,30.171759621301614,370.355705,3,13.06735023690561,408.3546949033003,17.19,537.1875,128.8328050966997,98.39
2023-01-23,8,2,40.013016620029966,370.355705,3,13.06735023690561,408.3546949033003,17.19,537.1875,128.8328050966997,98.39
2023-01-23,8,3,24.759887531526417,370.355705,3,13.06735023690561,408.3546949033003,17.19,537.1875,128.8328050966997,98.39
2023-02-10,1,1,17.075532296376984,363.026835,1.5,13.763482516873118,430.10882865228496,21.64,676.25,246.14117134771504,99.48
2023-02-10,1,2,11.317671606012132,363.026835,1.5,13.763482516873118,430.10882865228496,21.64,676.25,246.14117134771504,99.48
2023-02-10,1,3,11.26079754956871,363.026835,1.5,13.763482516873118,430.10882865228496,21.64,676.25,246.14117134771504,99.48
2023-02-10,2,1,39.39012741346038,363.026835,0.6,14.116715827026278,441.1473695945712,22.3,696.875,255.72763040542884,99.51
2023-02-10,2,2,37.673975166451285,363.026835,0.6,14.116715827026278,441.1473695945712,22.3,696.875,255.72763040542884,99.51
2023-02-10,2,3,35.82440335804676,363.026835,0.6,14.116715827026278,441.1473695945712,22.3,696.875,255.72763040542884,99.51
2023-02-10,3,1,16.998741457880712,363.026835,1.6,13.725604735375128,428.9251479804727,19.04,595,166.07485201952733,99.48
2023-02-10,3,2,16.132254910587086,363.026835,1.6,13.725604735375128,428.9251479804727,19.04,595,166.07485201952733,99.48
2023-02-10,3,3,13.829890979529967,363.026835,1.6,13.725604735375128,428.9251479804727,19.04,595,166.07485201952733,99.48
2023-02-10,4,1,23.702454731518102,363.026835,2.3,13.465304138617457,420.7907543317955,21.09,659.0625,238.27174566820452,99.48
2023-02-10,4,2,19.92027077711331,363.026835,2.3,13.465304138617457,420.7907543317955,21.09,659.0625,238.27174566820452,99.48
2023-02-10,4,3,16.148552730235586,363.026835,2.3,13.465304138617457,420.7907543317955,21.09,659.0625,238.27174566820452,99.48
2023-02-10,5,1,17.782878849318493,363.026835,1.9,13.617151788642945,425.535993395092,20.35,635.9375,210.40150660490804,99.51
2023-02-10,5,2,16.229641322923488,363.026835,1.9,13.617151788642945,425.535993395092,20.35,635.9375,210.40150660490804,99.51
2023-02-10,5,3,16.3759483961236,363.026835,1.9,13.617151788642945,425.535993395092,20.35,635.9375,210.40150660490804,99.51
2023-02-10,6,1,128.78075949261387,363.026835,1.6,13.7297725871265,429.0553933477032,8.59,268.4375,-160.61789334770316,99.51
2023-02-10,6,2,117.39967204841084,363.026835,1.6,13.7297725871265,429.0553933477032,8.59,268.4375,-160.61789334770316,99.51
2023-02-10,6,3,107.62534558319112,363.026835,1.6,13.7297725871265,429.0553933477032,8.59,268.4375,-160.61789334770316,99.51
2023-02-10,7,1,102.07101330520148,363.026835,1.3,13.841167974383142,432.5364991994731,13.03,407.1875,-25.348999199473155,99.49
2023-02-10,7,2,105.43192849272432,363.026835,1.3,13.841167974383142,432.5364991994731,13.03,407.1875,-25.348999199473155,99.49
2023-02-10,7,3,110.06059616267753,363.026835,1.3,13.841167974383142,432.5364991994731,13.03,407.1875,-25.348999199473155,99.49
2023-02-10,8,1,23.293044526223817,363.026835,1.6,13.73116187104362,429.0988084701132,20.04,626.25,197.15119152988683,99.52
2023-02-10,8,2,20.490222418030378,363.026835,1.6,13.73116187104362,429.0988084701132,20.04,626.25,197.15119152988683,99.52
2023-02-10,8,3,20.238295691596075,363.026835,1.6,13.73116187104362,429.0988084701132,20.04,626.25,197.15119152988683,99.52
2023-02-17,1,1,17.609976227501885,365.545905,1.4,13.79175855242785,430.99245476337035,18.83,588.4375,157.44504523662965,99.41
2023-02-17,1,2,17.704891191086745,365.545905,1.4,13.79175855242785,430.99245476337035,18.83,588.4375,157.44504523662965,99.41
2023-02-17,1,3,16.842165832887122,365.545905,1.4,13.79175855242785,430.99245476337035,18.83,588.4375,157.44504523662965,99.41
2023-02-17,2,1,29.02567654139809,365.545905,0.7,14.06723668757532,439.60114648672874,21.75,679.6875,240.0863535132713,99.44
2023-02-17,2,2,38.329729335720245,365.545905,0.7,14.06723668757532,439.60114648672874,21.75,679.6875,240.0863535132713,99.44
2023-02-17,2,3,21.500520301869372,365.545905,0.7,14.06723668757532,439.60114648672874,21.75,679.6875,240.0863535132713,99.44
2023-02-17,3,1,28.5924884146708,365.545905,1.4,13.78896488986158,430.9051528081744,17.85,557.8125,126.90734719182564,99.39
2023-02-17,3,2,26.051372510334424,365.545905,1.4,13.78896488986158,430.9051528081744,17.85,557.8125,126.90734719182564,99.39
2023-02-17,3,3,24.7581528073102,365.545905,1.4,13.78896488986158,430.9051528081744,17.85,557.8125,126.90734719182564,99.39
2023-02-17,4,1,69.2552716677551,365.545905,2.3,13.448943063276682,420.2794707273963,19.45,607.8125,187.5330292726037,99.36
2023-02-17,4,2,64.550549848791,365.545905,2.3,13.448943063276682,420.2794707273963,19.45,607.8125,187.5330292726037,99.36
2023-02-17,4,3,42.54016706781325,365.545905,2.3,13.448943063276682,420.2794707273963,19.45,607.8125,187.5330292726037,99.36
2023-02-17,5,1,34.78784316369178,365.545905,3.1,13.145841158833154,410.807536213536,16.09,502.8125,92.00496378646396,99.24
2023-02-17,5,2,36.9815541953231,365.545905,3.1,13.145841158833154,410.807536213536,16.09,502.8125,92.00496378646396,99.24
2023-02-17,5,3,35.899475306513665,365.545905,3.1,13.145841158833154,410.807536213536,16.09,502.8125,92.00496378646396,99.24
2023-02-17,6,1,214.49989276779803,365.545905,3.1,13.155185392131331,411.0995435041041,4.01,125.3125,-285.7870435041041,99.31
2023-02-17,6,2,219.67446949277857,365.545905,3.1,13.155185392131331,411.0995435041041,4.01,125.3125,-285.7870435041041,99.31
2023-02-17,6,3,216.7187456442774,365.545905,3.1,13.155185392131331,411.0995435041041,4.01,125.3125,-285.7870435041041,99.31
2023-02-17,7,1,176.60529975451527,365.545905,1.7,13.660191251353057,426.88097660478303,9.88,308.75,-118.13097660478304,99.28
2023-02-17,7,2,167.11320722515256,365.545905,1.7,13.660191251353057,426.88097660478303,9.88,308.75,-118.13097660478304,99.28
2023-02-17,7,3,169.98228080119333,365.545905,1.7,13.660191251353057,426.88097660478303,9.88,308.75,-118.13097660478304,99.28
2023-02-17,8,1,68.08582419177218,365.545905,3.5,13.010302191782806,406.5719434932127,14.2,443.75,37.1780565067873,99.27
2023-02-17,8,2,75.0068623963691,365.545905,3.5,13.010302191782806,406.5719434932127,14.2,443.75,37.1780565067873,99.27
2023-02-17,8,3,48.441477798937584,365.545905,3.5,13.010302191782806,406.5719434932127,14.2,443.75,37.1780565067873,99.27
2023-03-23,1,1,52.69117926851127,367.070285,4.6,12.658543165121472,395.579473910046,14.09,440.3125,44.73302608995402,99.42
2023-03-23,1,2,53.227983168717365,367.070285,4.6,12.658543165121472,395.579473910046,14.09,440.3125,44.73302608995402,99.42
2023-03-23,1,3,51.962321258108354,367.070285,4.6,12.658543165121472,395.579473910046,14.09,440.3125,44.73302608995402,99.42
2023-03-23,2,1,40.577015241466846,367.070285,4.8,12.603148838774,393.8484012116875,15.06,470.625,76.77659878831253,99.5
2023-03-23,2,2,40.10627922681383,367.070285,4.8,12.603148838774,393.8484012116875,15.06,470.625,76.77659878831253,99.5
2023-03-23,2,3,39.55106927878291,367.070285,4.8,12.603148838774,393.8484012116875,15.06,470.625,76.77659878831253,99.5
2023-03-23,3,1,43.90832356356298,367.070285,5.1,12.501931265014852,390.6853520317141,14.74,460.625,69.9396479682859,99.47
2023-03-23,3,2,43.38191673191342,367.070285,5.1,12.501931265014852,390.6853520317141,14.74,460.625,69.9396479682859,99.47
2023-03-23,3,3,43.94325515625921,367.070285,5.1,12.501931265014852,390.6853520317141,14.74,460.625,69.9396479682859,99.47
2023-03-23,4,1,52.78147693069814,367.070285,5.5,12.37031490936048,386.57234091751496,14.92,466.25,79.67765908248504,99.44
2023-03-23,4,2,51.38866447761151,367.070285,5.5,12.37031490936048,386.57234091751496,14.92,466.25,79.67765908248504,99.44
2023-03-23,4,3,52.85994848875042,367.070285,5.5,12.37031490936048,386.57234091751496,14.92,466.25,79.67765908248504,99.44
2023-03-23,5,1,52.75375127915785,367.070285,5.1,12.519683648969364,391.24011403029266,14.26,445.625,54.38488596970734,99.61
2023-03-23,5,2,51.35790167721456,367.070285,5.1,12.519683648969364,391.24011403029266,14.26,445.625,54.38488596970734,99.61
2023-03-23,5,3,52.29308291225859,367.070285,5.1,12.519683648969364,391.24011403029266,14.26,445.625,54.38488596970734,99.61
2023-03-23,6,1,48.22203891118159,367.070285,5.8,12.29087638622685,384.08988706958905,14.63,457.1875,73.09761293041095,99.56
2023-03-23,6,2,47.59169701523127,367.070285,5.8,12.29087638622685,384.08988706958905,14.63,457.1875,73.09761293041095,99.56
2023-03-23,6,3,47.80902979310195,367.070285,5.8,12.29087638622685,384.08988706958905,14.63,457.1875,73.09761293041095,99.56
2023-03-23,7,1,53.305074695168514,367.070285,5.5,12.379102541122588,386.8469544100809,14.37,449.0625,62.21554558991909,99.51
2023-03-23,7,2,54.200077886063205,367.070285,5.5,12.379102541122588,386.8469544100809,14.37,449.0625,62.21554558991909,99.51
2023-03-23,7,3,53.849045139241504,367.070285,5.5,12.379102541122588,386.8469544100809,14.37,449.0625,62.21554558991909,99.51
2023-03-23,8,1,54.488024665907915,367.070285,6.7,12.017139713153774,375.5356160360555,15.62,488.125,112.5893839639445,99.58
2023-03-23,8,2,55.59016105515952,367.070285,6.7,12.017139713153774,375.5356160360555,15.62,488.125,112.5893839639445,99.58
2023-03-23,8,3,53.41426899815953,367.070285,6.7,12.017139713153774,375.5356160360555,15.62,488.125,112.5893839639445,99.58
2023-04-07,1,1,32.095012410843864,367.40869,7.4,11.91149245788174,372.23413930880434,12.22,381.875,9.640860691195655,100.43
2023-04-07,1,2,32.6376133568469,367.40869,7.4,11.91149245788174,372.23413930880434,12.22,381.875,9.640860691195655,100.43
2023-04-07,1,3,32.319852086485675,367.40869,7.4,11.91149245788174,372.23413930880434,12.22,381.875,9.640860691195655,100.43
2023-04-07,2,1,27.38826105543363,367.40869,7.8,11.7959135762745,368.62229925857815,13.09,409.0625,40.44020074142185,100.44
2023-04-07,2,2,27.294022220629763,367.40869,7.8,11.7959135762745,368.62229925857815,13.09,409.0625,40.44020074142185,100.44
2023-04-07,2,3,27.56133918083789,367.40869,7.8,11.7959135762745,368.62229925857815,13.09,409.0625,40.44020074142185,100.44
2023-04-07,3,1,34.10792046729143,367.40869,7.1,12.002807832668225,375.087744770882,12.56,392.5,17.41225522911799,100.45
2023-04-07,3,2,34.725149298636275,367.40869,7.1,12.002807832668225,375.087744770882,12.56,392.5,17.41225522911799,100.45
2023-04-07,3,3,34.064149965933574,367.40869,7.1,12.002807832668225,375.087744770882,12.56,392.5,17.41225522911799,100.45
2023-04-07,4,1,27.147035460872686,367.40869,7.8,11.79947429589052,368.7335717465788,12.9,403.125,34.391428253421225,100.47
2023-04-07,4,2,27.99184333947852,367.40869,7.8,11.79947429589052,368.7335717465788,12.9,403.125,34.391428253421225,100.47
2023-04-07,4,3,27.784863362114773,367.40869,7.8,11.79947429589052,368.7335717465788,12.9,403.125,34.391428253421225,100.47
2023-04-07,5,1,30.523315629813613,367.40869,7.4,11.907897520237434,372.1217975074198,12.89,402.8125,30.690702492580215,100.4
2023-04-07,5,2,30.31669079916216,367.40869,7.4,11.907897520237434,372.1217975074198,12.89,402.8125,30.690702492580215,100.4
2023-04-07,5,3,30.02745383486257,367.40869,7.4,11.907897520237434,372.1217975074198,12.89,402.8125,30.690702492580215,100.4
2023-04-07,6,1,41.634814478936804,367.40869,8.2,11.662306416002153,364.4470755000673,11.68,365,0.5529244999327148,100.28
2023-04-07,6,2,41.01910678185622,367.40869,8.2,11.662306416002153,364.4470755000673,11.68,365,0.5529244999327148,100.28
2023-04-07,6,3,40.79796461162358,367.40869,8.2,11.662306416002153,364.4470755000673,11.68,365,0.5529244999327148,100.28
2023-04-07,7,1,31.910251956646583,367.40869,7.5,11.874940199542856,371.09188123571425,12.88,402.5,31.408118764285742,100.37
2023-04-07,7,2,31.026971128080483,367.40869,7.5,11.874940199542856,371.09188123571425,12.88,402.5,31.408118764285742,100.37
2023-04-07,7,3,30.984376964238336,367.40869,7.5,11.874940199542856,371.09188123571425,12.88,402.5,31.408118764285742,100.37
2023-04-07,8,1,19.104520925068577,367.40869,9.1,11.409124169867228,356.53513030835086,14.55,454.6875,98.15236969164914,100.26
2023-04-07,8,2,19.46447256428882,367.40869,9.1,11.409124169867228,356.53513030835086,14.55,454.6875,98.15236969164914,100.26
2023-04-07,8,3,19.18217353418454,367.40869,9.1,11.409124169867228,356.53513030835086,14.55,454.6875,98.15236969164914,100.26
2023-04-27,1,1,28.27170793878076,346.07761,10.4,10.880988705967628,340.03089706148836,11.91,372.1875,32.15660293851164,98.63
2023-04-27,1,2,28.33795544052354,346.07761,10.4,10.880988705967628,340.03089706148836,11.91,372.1875,32.15660293851164,98.63
2023-04-27,1,3,28.384150793647574,346.07761,10.4,10.880988705967628,340.03089706148836,11.91,372.1875,32.15660293851164,98.63
2023-04-27,2,1,27.514091314313763,346.07761,10.7,10.803877116030137,337.62115987594177,12.77,399.0625,61.44134012405823,98.62
2023-04-27,2,2,27.934438993438285,346.07761,10.7,10.803877116030137,337.62115987594177,12.77,399.0625,61.44134012405823,98.62
2023-04-27,2,3,31.957597030611236,346.07761,10.7,10.803877116030137,337.62115987594177,12.77,399.0625,61.44134012405823,98.62
2023-04-27,3,1,22.3124002260122,346.07761,10.8,10.780968480754863,336.90526502358955,14.85,464.0625,127.15723497641044,98.64
2023-04-27,3,2,22.00735870802761,346.07761,10.8,10.780968480754863,336.90526502358955,14.85,464.0625,127.15723497641044,98.64
2023-04-27,3,3,21.52424806648228,346.07761,10.8,10.780968480754863,336.90526502358955,14.85,464.0625,127.15723497641044,98.64
2023-04-27,4,1,32.09676515427223,346.07761,10.2,10.933304205781846,341.6657564306827,16.99,530.9375,189.27174356931732,98.64
2023-04-27,4,2,32.932417157748084,346.07761,10.2,10.933304205781846,341.6657564306827,16.99,530.9375,189.27174356931732,98.64
2023-04-27,4,3,33.51567733915378,346.07761,10.2,10.933304205781846,341.6657564306827,16.99,530.9375,189.27174356931732,98.64
2023-04-27,5,1,30.241838949002595,346.07761,10.2,10.92881401938896,341.52543810590504,11.7,365.625,24.09956189409496,98.6
2023-04-27,5,2,29.7574159967343,346.07761,10.2,10.92881401938896,341.52543810590504,11.7,365.625,24.09956189409496,98.6
2023-04-27,5,3,30.475806807173715,346.07761,10.2,10.92881401938896,341.52543810590504,11.7,365.625,24.09956189409496,98.6
2023-04-27,6,1,30.9236889573035,346.07761,10.7,10.796107342468948,337.3783544521546,12.72,397.5,60.12164554784539,98.55
2023-04-27,6,2,31.275575724195477,346.07761,10.7,10.796107342468948,337.3783544521546,12.72,397.5,60.12164554784539,98.55
2023-04-27,6,3,30.748343424431035,346.07761,10.7,10.796107342468948,337.3783544521546,12.72,397.5,60.12164554784539,98.55
2023-04-27,7,1,33.85706363900417,346.07761,10.8,10.77432357438408,336.6976116995025,12.94,404.375,67.67738830049751,98.58
2023-04-27,7,2,33.36465261423538,346.07761,10.8,10.77432357438408,336.6976116995025,12.94,404.375,67.67738830049751,98.58
2023-04-27,7,3,34.104429766308975,346.07761,10.8,10.77432357438408,336.6976116995025,12.94,404.375,67.67738830049751,98.58
2023-04-27,8,1,23.563090132117097,346.07761,11.7,10.547435945378837,329.60737329308864,13.24,413.75,84.14262670691136,98.53
2023-04-27,8,2,23.564436425735646,346.07761,11.7,10.547435945378837,329.60737329308864,13.24,413.75,84.14262670691136,98.53
2023-04-27,8,3,23.81547245383728,346.07761,11.7,10.547435945378837,329.60737329308864,13.24,413.75,84.14262670691136,98.53
2023-05-04,1,1,26.5396053745157,340.413375,11.8,10.520088514469467,328.75276607717086,11.61,362.8125,34.05973392282914,98.5
2023-05-04,1,2,26.789624797284645,340.413375,11.8,10.520088514469467,328.75276607717086,11.61,362.8125,34.05973392282914,98.5
2023-05-04,1,3,29.550398641917862,340.413375,11.8,10.520088514469467,328.75276607717086,11.61,362.8125,34.05973392282914,98.5
2023-05-04,2,1,15.191677519946555,340.413375,12.8,10.2727901308336,321.02469158855,15.52,485,163.97530841145,98.39
2023-05-04,2,2,14.757693062277752,340.413375,12.8,10.2727901308336,321.02469158855,15.52,485,163.97530841145,98.39
2023-05-04,2,3,15.289042219497604,340.413375,12.8,10.2727901308336,321.02469158855,15.52,485,163.97530841145,98.39
2023-05-04,3,1,20.75066489163336,340.413375,12.6,10.314855520627631,322.3392350196135,13.8,431.25,108.91076498038647,98.35
2023-05-04,3,2,21.212204579903545,340.413375,12.6,10.314855520627631,322.3392350196135,13.8,431.25,108.91076498038647,98.35
2023-05-04,3,3,22.43370501516705,340.413375,12.6,10.314855520627631,322.3392350196135,13.8,431.25,108.91076498038647,98.35
2023-05-04,4,1,8.354501334771232,340.413375,14.9,9.79977709164155,306.24303411379844,18.09,565.3125,259.06946588620156,98.31
2023-05-04,4,2,8.549150159099401,340.413375,14.9,9.79977709164155,306.24303411379844,18.09,565.3125,259.06946588620156,98.31
2023-05-04,4,3,8.329244611812015,340.413375,14.9,9.79977709164155,306.24303411379844,18.09,565.3125,259.06946588620156,98.31
2023-05-04,5,1,27.220512082887105,340.413375,11.8,10.51792205070386,328.68506408449565,11.6,362.5,33.81493591550435,98.48
2023-05-04,5,2,27.151401492242076,340.413375,11.8,10.51792205070386,328.68506408449565,11.6,362.5,33.81493591550435,98.48
2023-05-04,5,3,26.902725608641685,340.413375,11.8,10.51792205070386,328.68506408449565,11.6,362.5,33.81493591550435,98.48
2023-05-04,6,1,29.41998022730786,340.413375,12.1,10.44409402456245,326.37793826757655,11.55,360.9375,34.55956173242345,98.46
2023-05-04,6,2,29.940383473438107,340.413375,12.1,10.44409402456245,326.37793826757655,11.55,360.9375,34.55956173242345,98.46
2023-05-04,6,3,29.41927423532575,340.413375,12.1,10.44409402456245,326.37793826757655,11.55,360.9375,34.55956173242345,98.46
2023-05-04,7,1,27.7817597190532,340.413375,12.4,10.36901731492261,324.03179109133157,12.3,384.375,60.34320890866843,98.42
2023-05-04,7,2,25.84022519124371,340.413375,12.4,10.36901731492261,324.03179109133157,12.3,384.375,60.34320890866843,98.42
2023-05-04,7,3,27.98493939120079,340.413375,12.4,10.36901731492261,324.03179109133157,12.3,384.375,60.34320890866843,98.42
2023-05-04,8,1,24.887660174512927,340.413375,12,10.468963295257335,327.15510297679174,13.29,415.3125,88.15739702320826,98.47
2023-05-04,8,2,25.32245158456253,340.413375,12,10.468963295257335,327.15510297679174,13.29,415.3125,88.15739702320826,98.47
2023-05-04,8,3,26.243801203545175,340.413375,12,10.468963295257335,327.15510297679174,13.29,415.3125,88.15739702320826,98.47
2023-05-17,1,1,33.443239522802344,335.46715,17.3,9.365274440116016,292.6648262536255,9.85,307.8125,15.147673746374494,98.85
2023-05-17,1,2,33.81967911444505,335.46715,17.3,9.365274440116016,292.6648262536255,9.85,307.8125,15.147673746374494,98.85
2023-05-17,1,3,33.3816591056764,335.46715,17.3,9.365274440116016,292.6648262536255,9.85,307.8125,15.147673746374494,98.85
2023-05-17,2,1,18.64945918350587,335.46715,16.6,9.505367717678848,297.042741177464,12.13,379.0625,82.019758822536,98.87
2023-05-17,2,2,18.72272350200238,335.46715,16.6,9.505367717678848,297.042741177464,12.13,379.0625,82.019758822536,98.87
2023-05-17,2,3,18.14996031373551,335.46715,16.6,9.505367717678848,297.042741177464,12.13,379.0625,82.019758822536,98.87
2023-05-17,3,1,22.119545279144383,335.46715,16.1,9.604329839063162,300.13530747072383,12.25,382.8125,82.67719252927617,98.85
2023-05-17,3,2,21.805940625556893,335.46715,16.1,9.604329839063162,300.13530747072383,12.25,382.8125,82.67719252927617,98.85
2023-05-17,3,3,22.535889468786763,335.46715,16.1,9.604329839063162,300.13530747072383,12.25,382.8125,82.67719252927617,98.85
2023-05-17,4,1,33.3391915821932,335.46715,15.5,9.725994868927394,303.93733965398104,10.95,342.1875,38.25016034601896,98.83
2023-05-17,4,2,34.01094558090084,335.46715,15.5,9.725994868927394,303.93733965398104,10.95,342.1875,38.25016034601896,98.83
2023-05-17,4,3,33.54208180010019,335.46715,15.5,9.725994868927394,303.93733965398104,10.95,342.1875,38.25016034601896,98.83
2023-05-17,5,1,28.863679539035296,335.46715,17.5,9.322616122683607,291.3317538338627,10.29,321.5625,30.230746166137298,98.81
2023-05-17,5,2,28.383536321384383,335.46715,17.5,9.322616122683607,291.3317538338627,10.29,321.5625,30.230746166137298,98.81
2023-05-17,5,3,28.742659756678307,335.46715,17.5,9.322616122683607,291.3317538338627,10.29,321.5625,30.230746166137298,98.81
2023-05-17,6,1,23.524443431061066,335.46715,18.2,9.185290822219615,287.040338194363,11.2,350,62.95966180563698,98.77
2023-05-17,6,2,23.782952118584134,335.46715,18.2,9.185290822219615,287.040338194363,11.2,350,62.95966180563698,98.77
2023-05-17,6,3,23.857228315669797,335.46715,18.2,9.185290822219615,287.040338194363,11.2,350,62.95966180563698,98.77
2023-05-17,7,1,19.260716113169916,335.46715,18.2,9.18909105977869,287.1590956180841,12.3,384.375,97.21590438191588,98.81
2023-05-17,7,2,19.136498775411884,335.46715,18.2,9.18909105977869,287.1590956180841,12.3,384.375,97.21590438191588,98.81
2023-05-17,7,3,19.132780318840886,335.46715,18.2,9.18909105977869,287.1590956180841,12.3,384.375,97.21590438191588,98.81
2023-05-17,8,1,9.591901823266754,335.46715,18.2,9.182440644050308,286.9512701265721,15.44,482.5,195.54872987342787,98.74
2023-05-17,8,2,9.487723129184232,335.46715,18.2,9.182440644050308,286.9512701265721,15.44,482.5,195.54872987342787,98.74
2023-05-17,8,3,9.468658623140955,335.46715,18.2,9.182440644050308,286.9512701265721,15.44,482.5,195.54872987342787,98.74
