sampledate,Site,Depth,Temp_C,DO_perc,DO_mgL,Conductivity,pH,Chlorophyll
2022-06-01,1,0,20.8,105.5,9.42,811,8.63,5.55
2022-06-01,1,0.5,20.8,104.9,9.37,811,8.62,5.43
2022-06-01,1,0.75,20.8,105.4,9.41,811,8.63,7.81
2022-06-01,1,1,20.8,105.8,9.44,811,8.64,6.45
2022-06-01,1,1.25,20.8,106.1,9.47,811,8.63,7.2
2022-06-01,1,1.5,20.8,105.8,9.45,811,8.63,7.7
2022-06-01,1,1.75,20.8,106,9.46,811,8.63,7.49
2022-06-01,1,2,20.8,106.1,9.48,811,8.63,7.35
2022-06-01,1,2.25,20.8,105.8,9.45,811,8.63,6.92
2022-06-01,1,2.5,20.8,106.3,9.49,811,8.63,6.96
2022-06-01,1,2.75,20.8,106.3,9.48,811,8.63,7.14
2022-06-01,1,3,20.8,104.5,9.34,811,8.62,7.45
2022-06-01,1,3.25,20.7,102.4,9.11,811,8.59,8.73
2022-06-01,1,3.5,19.9,49.1,4.48,827,8.12,23.15
2022-06-01,2,0,21.1,175.6,15.61,760,8.82,7.23
2022-06-01,3,0,20.8,151.8,13.56,812,8.71,3.41
2022-06-01,3,0.5,20.7,153.9,13.88,820,8.66,9.36
2022-06-01,3,0.75,20.7,178.8,16.01,822,8.88,6.86
2022-06-01,4,0,21.7,156,14.01,797,8.82,5.18
2022-06-01,4,0.5,21.3,140.7,12.44,803,8.76,7.67
2022-06-01,4,0.75,21.3,145.3,12.84,792,8.8,10.84
2022-06-01,4,1,21,144,12.74,803,8.75,9.19
2022-06-01,4,1.25,20.9,134,11.96,804,8.73,10.06
2022-06-06,1,0,21.1,113.4,10.06,804,8.6,10.82
2022-06-06,1,0.5,21.1,113.5,10.07,804,8.6,10.69
2022-06-06,1,0.75,21.1,113.5,10.08,804,8.6,12.37
2022-06-06,1,1,21.1,113.3,10.07,804,8.59,12.51
2022-06-06,1,1.25,21,113,10.05,804,8.59,12.64
2022-06-06,1,1.5,21,112.5,10.02,804,8.59,13.07
2022-06-06,1,1.75,21,112.4,10.01,805,8.58,12.6
2022-06-06,1,2,20.9,111.9,9.97,805,8.58,12.26
2022-06-06,1,2.25,20.9,111.2,9.91,805,8.57,12.2
2022-06-06,1,2.5,20.9,110.7,9.86,805,8.5,11.55
2022-06-06,1,2.75,20.8,108.5,9.66,805,8.55,10.15
2022-06-06,1,3,20.1,66.2,5.82,834,7.98,8.19
2022-06-06,1,3.25,19.5,73.5,6.89,880,7.89,7.58
2022-06-06,2,0,21.1,176.8,15.7,748,8.9,8.83
2022-06-06,2,0.5,20.7,199.2,17.87,741,8.92,12.96
2022-06-06,3,0,20.1,142.8,12.84,797,8.3,12.87
2022-06-06,3,0.5,19.8,193.7,17.71,984,8.38,5.18
2022-06-06,4,0,21.3,162.1,14.35,772,8.81,9.58
2022-06-06,4,0.5,21.2,163.9,14.58,796,8.82,11.2
2022-06-06,4,0.75,21.1,243.9,20.9,748,9.04,6.18
2022-06-06,5,0,20.7,104,9.31,807,8.55,12.95
2022-06-06,5,0.5,20.6,103.8,9.3,807,8.55,12.03
2022-06-06,5,0.75,20.7,104.1,9.32,807,8.55,12.37
2022-06-06,5,1,20.7,103.2,9.32,807,8.54,12.35
2022-06-06,5,1.25,20.6,103.6,9.28,807,8.53,12.4
2022-06-06,5,1.5,20.6,103.5,9.27,807,8.52,12.48
2022-06-06,5,1.75,20.6,102.3,9.17,807,8.51,13.05
2022-06-06,5,2,20.6,101.2,9.07,807,8.5,13.71
2022-06-06,5,2.25,20.6,99.3,8.91,807,8.49,13.36
2022-06-06,5,2.5,20.5,96.5,8.66,806,8.47,12.58
2022-06-06,5,2.75,20.4,89.6,8.06,807,8.42,11.85
2022-06-06,5,3,20.4,76.3,6.88,810,8.33,10.44
2022-06-06,6,0,20.7,107.4,9.61,794,8.58,8.1
2022-06-06,6,0.5,20.7,108.2,9.67,794,8.57,8.25
2022-06-06,6,0.75,20.7,109.7,9.81,793,8.58,8.1
2022-06-06,6,1,20.7,110.9,9.96,791,8.58,8.09
2022-06-06,6,1.25,20.7,112.1,10.05,790,8.58,8.4
2022-06-06,6,1.5,20.6,114.4,10.26,785,8.58,7.85
2022-06-06,6,1.75,20.5,113.3,10.18,782,8.56,15.62
2022-06-06,7,0,20.8,130.7,11.67,791,8.68,9.09
2022-06-06,7,0.5,20.8,133.3,11.92,791,8.68,9.18
2022-06-06,7,0.75,20.8,134.2,11.98,790,8.68,9.15
2022-06-06,7,1,20.8,136,12.15,790,8.69,9.09
2022-06-06,7,1.25,20.5,147,13.2,782,8.74,6.96
2022-06-06,7,1.5,20.3,127.4,11.59,783,8.66,5.87
2022-06-06,8,0,21,124.1,11.07,776,8.68,4
2022-06-06,8,0.5,20.8,122.4,10.93,776,8.61,5.11
2022-06-09,1,0,20.3,97.7,8.8,800,8.47,7.14
2022-06-09,1,0.5,20.3,97.7,8.81,800,8.47,7.49
2022-06-09,1,0.75,20.3,97.9,8.83,800,8.47,7.68
2022-06-09,1,1,20.3,98.5,8.89,800,8.48,10.01
2022-06-09,1,1.25,20.2,99.2,8.96,800,8.49,11.92
2022-06-09,1,1.5,20.2,99.6,9.01,800,8.49,11.3
2022-06-09,1,1.75,20.2,99.8,9.03,800,8.5,12.05
2022-06-09,1,2,20.1,100,9.06,799,8.5,12.49
2022-06-09,1,2.25,20,100.1,9.08,797,8.5,12.39
2022-06-09,1,2.5,20,99.8,9.06,797,8.5,11.86
2022-06-09,1,2.75,20,99.6,9.04,796,8.5,12.6
2022-06-09,1,3,19.9,99.3,9.02,796,8.5,12.5
2022-06-09,1,3.25,19.9,96.3,8.77,794,8.48,13.36
2022-06-09,1,3.5,19.8,94.8,8.64,794,8.47,14.84
2022-06-09,2,0,19.3,129.7,11.92,737,8.7,3.42
2022-06-09,3,0,18.8,116.3,10.81,656,8.43,15.87
2022-06-09,3,0.5,18.1,114.2,10.82,699,8.38,13.91
2022-06-09,3,0.75,15.7,95.7,9.5,710,7.88,9.23
2022-06-09,3,1,15.4,99.6,9.96,734,7.88,7.87
2022-06-09,4,0,20.5,122.1,10.98,777,8.62,4.4
2022-06-09,4,0.5,20.4,121,10.91,777,8.61,5.34
2022-06-09,4,0.75,20.3,129.4,11.68,777,8.62,5.97
2022-06-09,4,1,19.9,171.5,15.75,766,8.9,3.35
2022-06-09,4,1.25,19.8,142.6,13.04,760,8.86,4.46
2022-06-09,5,0,20.7,96.4,8.63,801,8.47,5.75
2022-06-09,5,0.5,20.7,96.4,8.63,801,8.47,7.36
2022-06-09,5,0.75,20.7,96.3,8.63,801,8.47,8.08
2022-06-09,5,1,20.6,96,8.61,801,8.47,9.49
2022-06-09,5,1.25,20.6,96,8.61,801,8.47,11.15
2022-06-09,5,1.5,20.6,95.6,8.58,801,8.46,11.22
2022-06-09,5,1.75,20.5,95.2,8.55,801,8.46,10.89
2022-06-09,5,2,20.3,93.3,8.43,800,8.46,11.33
2022-06-09,5,2.25,20.1,86.2,7.82,800,8.43,12.01
2022-06-09,5,2.5,20,80.3,7.31,799,8.4,13.01
2022-06-09,6,0,20.4,102.9,9.26,790,8.53,4.37
2022-06-09,6,0.5,20.4,103.1,9.28,790,8.54,6.01
2022-06-09,6,0.75,20.4,104.8,9.44,788,8.54,5.65
2022-06-09,6,1,20.4,104.9,9.47,788,8.55,6.68
2022-06-09,6,1.25,20.1,122.7,11.11,776,8.67,5.44
2022-06-09,6,1.5,19.7,138.1,12.61,757,8.75,3.97
2022-06-09,6,1.75,19.6,117.6,10.76,760,8.66,2.91
2022-06-09,7,0,20.5,123.3,11.08,779,8.63,4.61
2022-06-09,7,0.5,20.5,123.7,11.11,779,8.62,4.6
2022-06-09,7,0.75,20.5,124.4,11.18,779,8.63,4.65
2022-06-09,7,1,20.5,125.2,11.25,779,8.63,5.53
2022-06-09,7,1.25,20.5,126.3,11.36,778,8.64,5.75
2022-06-09,7,1.5,20.5,130.2,11.7,777,8.65,5.66
2022-06-09,7,1.75,20.4,150.2,13.57,765,8.83,5.7
2022-06-09,7,2,19.1,152.5,14.1,751,8.81,4.25
2022-06-09,8,0,20.5,104.2,9.35,792,8.52,5.7
2022-06-09,8,0.5,20.3,108.2,9.73,791,8.56,7.31
2022-06-09,8,0.75,20.1,118.5,10.77,783,8.64,8.63
2022-06-09,8,1,19.5,147.2,13.49,771,8.73,7.81
2022-06-09,8,1.25,19.2,126.4,11.63,770,8.68,8.67
2022-06-09,8,1.5,19.2,101.4,9.5,777,8.44,7.44
2022-06-13,1,0,21.2,123.6,10.95,785,8.66,14.46
2022-06-13,1,0.5,21.2,124.7,11.06,785,8.66,15.77
2022-06-13,1,0.75,21.1,124.8,11.08,785,8.66,15.96
2022-06-13,1,1,21.1,124.9,11.08,785,8.66,15.52
2022-06-13,1,1.25,21,124.7,11.08,785,8.66,17.03
2022-06-13,1,1.5,21,124.4,11.06,785,8.66,16.88
2022-06-13,1,1.75,20.9,123.2,10.99,785,8.66,18.2
2022-06-13,1,2,20.8,122.3,10.9,785,8.65,18.38
2022-06-13,1,2.25,20.7,117.8,10.53,785,8.62,22.55
2022-06-13,1,2.5,20.5,104.2,9.32,788,8.49,18.56
2022-06-13,1,2.75,20.3,70.7,6.37,791,8.2,11.64
2022-06-13,1,3,20.2,58.8,5.3,789,8.07,10.15
2022-06-13,1,3.25,19.9,59,5.37,777,7.93,8.23
2022-06-13,2,0,21.4,238.1,21.16,715,9.09,3.12
2022-06-13,3,0,21.7,139,12.16,802,8.47,9.82
2022-06-13,3,0.5,21.5,127.6,11.23,811,8.37,12.78
2022-06-13,3,0.75,21.1,110,9.73,831,8.12,13.51
2022-06-13,3,1,20.8,92.8,8.3,838,7.96,9.69
2022-06-13,4,0,21.6,142.1,12.49,778,8.78,17.19
2022-06-13,4,0.5,21.6,143.2,12.58,778,8.78,16.68
2022-06-13,4,0.75,21.6,144,12.65,777,8.77,16.75
2022-06-13,4,1,21.6,144.8,12.72,777,8.78,19.73
2022-06-13,4,1.25,21.5,154.7,13.66,773,8.82,19.8
2022-06-13,4,1.5,21.1,166,14.75,768,8.88,17.99
2022-06-13,4,1.75,20.9,160.2,14.29,764,8.85,10.33
2022-06-13,5,0,20.8,117.6,10.51,781,8.63,6.2
2022-06-13,5,0.5,20.8,118.2,10.55,781,8.63,8.52
2022-06-13,5,0.75,20.8,118.4,10.58,781,8.63,9.23
2022-06-13,5,1,20.8,118.7,10.61,781,8.63,10.66
2022-06-13,5,1.25,20.8,118.9,10.64,781,8.64,11.75
2022-06-13,5,1.5,20.7,119.5,10.7,781,8.64,12.72
2022-06-13,5,1.75,20.7,119.7,10.71,781,8.64,13.04
2022-06-13,5,2,20.6,120.6,10.82,782,8.65,15.97
2022-06-13,5,2.25,20.5,118.1,10.61,784,8.63,18.67
2022-06-13,5,2.5,20.4,113.2,10.19,786,8.59,20.74
2022-06-13,6,0,20.7,150.4,13.47,731,8.91,1.73
2022-06-13,6,0.5,20.7,151.2,13.53,733,8.9,1.87
2022-06-13,6,0.75,20.7,147.4,13.2,744,8.8,3.62
2022-06-13,6,1,20.5,137.6,12.33,757,8.71,7.65
2022-06-13,6,1.25,20.5,130.3,11.7,762,8.66,11.26
2022-06-13,7,0,21.2,120.6,10.7,784,8.62,3.39
2022-06-13,7,0.5,21.1,122.4,10.86,785,8.62,4.26
2022-06-13,7,0.75,20.9,127.8,11.39,785,8.65,6.85
2022-06-13,7,1,20.7,129.7,11.6,782,8.67,7.02
2022-06-13,7,1.25,20.6,123.8,11.11,782,8.64,7.24
2022-06-13,7,1.5,20.6,125.5,11.25,781,8.65,7.65
2022-06-13,7,1.75,20.5,134,12.03,782,8.69,7.34
2022-06-13,8,0,20.4,127.2,11.44,763,8.7,5.24
2022-06-13,8,0.5,20.4,125.5,11.3,763,8.69,5.39
2022-06-16,1,0,23.7,116.2,9.81,773,8.67,6.27
2022-06-16,1,0.5,23.7,116.5,9.84,773,8.67,8.28
2022-06-16,1,0.75,23.7,116.2,9.81,773,8.66,8.66
2022-06-16,1,1,23.7,116.6,9.85,773,8.66,8.7
2022-06-16,1,1.25,23.7,115.7,9.77,773,8.66,8.74
2022-06-16,1,1.5,23.7,115.1,9.73,773,8.65,8.61
2022-06-16,1,1.75,23.7,115,9.71,773,8.65,8.7
2022-06-16,1,2,23.7,115.3,9.74,773,8.65,8.48
2022-06-16,1,2.25,23.7,114.7,9.69,772,8.65,8.08
2022-06-16,1,2.5,23.7,113.6,9.6,773,8.64,8.69
2022-06-16,1,2.75,23.6,112.5,9.51,773,8.63,9.34
2022-06-16,1,3,23.4,103.4,8.5,779,8.55,11.23
2022-06-16,1,3.25,21.8,41.5,3.61,805,7.93,12.43
2022-06-16,2,0,22.9,137.7,11.82,723,8.79,3.6
2022-06-16,3,0,23.4,75.7,6.43,670,8.05,10.99
2022-06-16,3,0.5,23.4,78.7,6.7,684,8.1,16.95
2022-06-16,3,0.75,23.4,81.9,6.99,695,8.3,11.02
2022-06-16,3,1,23.4,96.5,8.21,721,8.38,22.02
2022-06-16,3,1.25,23.3,107.3,9.13,752,8.51,13.26
2022-06-16,3,1.5,23.1,108.2,9.24,773,8.54,15.81
2022-06-16,4,0,23.9,127.2,10.71,756,8.68,4.57
2022-06-16,4,0.5,23.9,130.1,10.99,755,8.7,4.41
2022-06-16,4,0.75,23.8,142.2,11.9,754,8.73,5.75
2022-06-17,5,0,24.8,111.6,9.25,767,8.71,5.51
2022-06-17,5,0.5,24.8,111.8,9.26,767,8.71,5.1
2022-06-17,5,0.75,24.8,112,9.27,767,8.71,6.05
2022-06-17,5,1,24.7,112,9.28,767,8.7,6.1
2022-06-17,5,1.25,24.7,112,9.28,768,8.7,7.3
2022-06-17,5,1.5,24.7,111.8,9.28,768,8.7,7.22
2022-06-17,5,1.75,24.6,111.5,9.26,769,8.69,7.67
2022-06-17,5,2,24.4,110.9,9.25,770,8.68,8.88
2022-06-17,5,2.25,24.3,109.6,9.14,771,8.67,9.92
2022-06-17,5,2.5,24.2,106.8,8.93,771,8.65,11.67
2022-06-17,5,2.75,24.2,103.6,8.66,773,8.63,12.03
2022-06-17,6,0,24.5,148.4,12.36,741,8.92,2.64
2022-06-17,6,0.5,24.5,149.7,12.46,740,8.92,3.81
2022-06-17,6,0.75,24.5,150.1,12.51,740,8.92,5.83
2022-06-17,6,1,23.8,122.5,10.34,738,8.8,5.02
2022-06-17,6,1.25,23.7,103.6,8.76,738,8.69,3.89
2022-06-17,7,0,24.2,121.3,10.16,765,8.74,4.9
2022-06-17,7,0.5,24.2,121.7,10.19,765,8.74,4.85
2022-06-17,7,0.75,24.2,122.5,10.25,765,8.74,4.85
2022-06-17,7,1,24.2,123.3,10.32,765,8.74,4.94
2022-06-17,7,1.25,24.2,126.5,10.59,765,8.75,4.75
2022-06-17,7,1.5,24.1,130.2,10.91,766,8.76,5.54
2022-06-17,7,1.75,24,133.1,11.18,767,8.77,6.05
2022-06-17,7,2,24,132.5,11.13,768,8.76,7.6
2022-06-17,8,0,25.2,140.7,11.56,743,8.77,2.25
2022-06-17,8,0.5,25.1,149.3,12.3,745,9.78,2.69
2022-06-17,8,0.75,25.1,156.2,12.89,748,8.78,3.01
2022-06-20,1,0,24.1,120.1,10.07,759,8.6,5.99
2022-06-20,1,0.5,24.1,120.8,10.15,759,8.6,6.66
2022-06-20,1,0.75,24.1,120.9,10.14,759,8.6,7.36
2022-06-20,1,1,24.1,121.2,10.16,759,8.59,7.8
2022-06-20,1,1.25,24,121.4,10.19,759,8.6,9.99
2022-06-20,1,1.5,24,121.6,10.21,759,8.59,10.47
2022-06-20,1,1.75,24,121.8,10.24,760,8.6,10.81
2022-06-20,1,2,24,121.8,10.25,760,8.6,10.36
2022-06-20,1,2.25,23.9,121.1,10.21,759,8.6,10.71
2022-06-20,1,2.5,23.8,120,10.11,760,8.58,11.61
2022-06-20,1,2.75,23.8,118.3,9.95,761,8.56,12.13
2022-06-20,1,3,23.7,98,8.26,764,8.44,12.11
2022-06-20,1,3.25,23.6,83.1,7.04,771,8.27,10.8
2022-06-20,2,0,23.2,170.4,14.59,704,9.05,2
2022-06-20,3,0,23.4,132.5,11.25,746,8.42,6.67
2022-06-20,3,0.5,23.3,133.7,11.41,749,8.37,9.19
2022-06-20,3,0.75,23.1,111.4,9.51,874,8,6.61
2022-06-20,4,0,23.5,159.3,13.52,724,8.82,3.05
2022-06-20,4,0.5,23.2,154.4,13.16,724,8.74,4.67
2022-06-20,5,0,24.5,124.8,10.38,758,8.68,4.39
2022-06-20,5,0.5,24.5,126.3,10.57,758,8.67,5.17
2022-06-20,5,0.75,24.5,126.3,10.51,758,8.67,5.74
2022-06-20,5,1,24.5,126.5,10.54,757,8.67,7.34
2022-06-20,5,1.25,24.5,126.8,10.56,757,8.66,7.51
2022-06-20,5,1.5,24.4,125.6,10.5,755,8.65,9.6
2022-06-20,5,1.75,24.1,122.3,10.25,754,8.63,9.6
2022-06-20,5,2,24.1,120.6,10.11,755,8.61,10.18
2022-06-20,5,2.25,24,117,9.82,756,8.6,10.06
2022-06-20,5,2.5,23.9,104.2,8.76,760,8.53,10.82
2022-06-20,6,0,25.8,190.8,15.53,727,9,2.46
2022-06-20,6,0.5,25.6,201.3,16.45,723,9.04,2.74
2022-06-20,6,0.75,24.3,213.4,17.79,706,9.2,1.46
2022-06-20,6,1,23.7,184.3,15.57,701,9.1,1.57
2022-06-20,6,1.25,23.5,162.6,13.76,703,9.02,1.82
2022-06-20,6,1.5,23.3,125.7,10.7,722,8.7,6.58
2022-06-20,7,0,26.1,183.1,14.81,719,8.96,1.8
2022-06-20,7,0.5,25.6,202.1,16.51,710,9.02,2.28
2022-06-20,7,0.75,24.9,212.7,17.6,706,9.07,4.03
2022-06-20,7,1,24.5,197.2,16.41,709,8.96,3.15
2022-06-20,8,0,26.2,162.3,13.15,742,8.83,1.85
2022-06-20,8,0.5,26,166.7,13.57,742,8.84,2.24
2022-06-20,8,0.75,25.1,170.7,14.08,734,8.94,1.91
2022-06-23,1,0,25.9,130.5,10.58,753,8.68,5.4
2022-06-23,1,0.5,25.9,130.7,10.6,753,8.69,6.29
2022-06-23,1,0.75,25.9,131.2,10.65,753,8.69,7.22
2022-06-23,1,1,25.9,132.2,10.74,753,8.69,9.51
2022-06-23,1,1.25,25.8,134.1,10.89,753,8.7,10.21
2022-06-23,1,1.5,25.8,134.5,10.95,753,8.7,10.92
2022-06-23,1,1.75,25.8,134.8,10.97,752,8.7,11.23
2022-06-23,1,2,25.7,133.3,10.84,752,8.69,12.3
2022-06-23,1,2.25,25.7,132.3,10.76,751,8.68,13.71
2022-06-23,1,2.5,25.6,130.2,10.62,753,8.66,13.24
2022-06-23,1,2.75,24.9,97.9,8.09,763,8.33,14.24
2022-06-23,1,3,24.2,74.3,6.21,790,7.99,16.3
2022-06-23,1,3.25,23.9,67.1,5.64,808,7.86,18.31
2022-06-23,1,3.5,23.6,40.2,3.41,834,7.63,36.46
2022-06-23,2,0,25.6,146.9,11.97,740,8.75,4.36
2022-06-23,2,0.5,25,148,12.25,740,8.71,6.82
2022-06-23,3,0,25.9,144.4,11.7,774,8.66,4.45
2022-06-23,3,0.5,25.8,137.5,11.2,826,8.34,3.2
2022-06-23,3,0.75,24.7,138,11.44,940,8.01,3.02
2022-06-23,3,1,24.4,142.6,11.92,1067,7.85,2.25
2022-06-23,4,0,26.1,143.4,11.58,750,8.74,5.11
2022-06-23,4,0.5,25.7,150.8,12.3,749,8.78,5.49
2022-06-23,4,0.75,25.3,166,13.88,741,8.9,5.99
2022-06-23,5,0,26.9,140.3,11.18,744,8.73,6.55
2022-06-23,5,0.5,26.6,140.7,11.28,743,8.73,7.07
2022-06-23,5,0.75,26.3,138.5,11.15,745,8.72,8.33
2022-06-23,5,1,26.2,137,11.05,747,8.71,9.55
2022-06-23,5,1.25,26.2,136.5,11.03,747,8.7,10.1
2022-06-23,5,1.5,26.1,135.8,10.98,748,8.7,10.62
2022-06-23,5,1.75,26.1,135,10.91,748,8.69,11.07
2022-06-23,5,2,26,131,10.62,749,8.67,11.53
2022-06-23,5,2.25,26,125.5,10.17,753,8.62,11.64
2022-06-23,5,2.5,25.8,106.4,8.67,758,8.49,12.78
2022-06-23,6,0,27.3,172.4,13.65,700,9.06,1.47
2022-06-23,6,0.5,27,173,13.76,702,9.03,1.67
2022-06-23,6,0.75,26.9,174.5,13.91,702,9.04,2.22
2022-06-23,6,1,26.8,176.9,14.11,701,9.05,2.86
2022-06-23,6,1.25,26.5,178,14.31,697,9.07,2.83
2022-06-23,6,1.5,26.3,164.1,13.24,696,9.04,4.09
2022-06-23,6,1.75,25.9,127.9,10.35,703,8.82,2.84
2022-06-23,7,0,27.1,158.6,12.59,724,8.9,3.77
2022-06-23,7,0.5,27,160.3,12.8,726,8.89,4.8
2022-06-23,7,0.75,26.5,169.4,13.59,725,8.92,5.27
2022-06-23,7,1,26.4,174.3,14.01,723,8.94,5.93
2022-06-23,7,1.25,26.3,169.3,13.62,724,8.92,7.19
2022-06-23,8,0,27.9,151.7,11.89,738,8.86,3.41
2022-06-23,8,0.5,27.4,166.3,13.16,737,8.85,5.03
2022-06-23,8,0.75,26.5,177.4,14.27,727,8.89,5.62
2022-06-23,8,1.5,23.6,138.7,11.74,719,8.91,6.69
2022-06-28,1,0,24.9,115.3,9.54,749,8.66,9.28
2022-06-28,1,0.5,24.8,116.2,9.61,748,8.65,9.87
2022-06-28,1,0.75,24.8,116.5,9.64,749,8.65,10.52
2022-06-28,1,1,24.8,116.3,9.63,749,8.64,11.7
2022-06-28,1,1.25,24.8,116.7,9.65,749,8.64,11.72
2022-06-28,1,1.5,24.8,116.6,9.65,749,8.64,11.6
2022-06-28,1,1.75,24.8,116.5,9.64,748,8.64,11.45
2022-06-28,1,2,24.8,116.6,9.65,748,8.64,11.43
2022-06-28,1,2.25,24.8,116.5,9.64,748,8.64,11.47
2022-06-28,1,2.5,24.8,116.6,9.65,748,8.64,11.6
2022-06-28,1,2.75,24.8,116.5,9.64,748,8.64,12.15
2022-06-28,1,3,24.7,116.2,9.63,747,8.65,12.55
2022-06-28,2,0,25.1,137.7,11.36,759,8.75,5.38
2022-06-28,2,0.5,22.9,155.7,13.36,772,8.62,3.81
2022-06-28,3,0,25.4,152.5,12.4,776,8.63,6.69
2022-06-28,3,0.5,25,146.8,12.1,777,8.6,7
2022-06-28,3,0.75,24.5,137.4,11.43,787,8.47,19.24
2022-06-28,3,1,23.8,135.5,11.4,841,8.19,5.99
2022-06-28,4,0,25,141.8,11.73,758,8.73,20.28
2022-06-28,4,0.5,24.9,138.7,11.46,760,8.7,6.43
2022-06-28,5,0,24.8,118.7,9.83,731,8.81,6.12
2022-06-28,5,0.5,24.8,119,9.85,731,8.81,6.33
2022-06-28,5,0.75,24.8,119.2,9.87,731,8.81,6.73
2022-06-28,5,1,24.8,119.3,9.88,731,8.81,7.25
2022-06-28,5,1.25,24.7,120.1,9.96,730,8.82,7.44
2022-06-28,5,1.5,24.7,120.3,9.97,729,8.82,7.37
2022-06-28,5,1.75,24.6,121.4,10.1,726,8.84,7.48
2022-06-28,5,2,24.5,122.8,10.21,725,8.85,7.65
2022-06-28,5,2.25,24.5,122.6,10.22,725,8.85,7.5
2022-06-28,5,2.5,24.4,122.6,10.22,725,8.84,7.19
2022-06-28,6,0,24.6,207,17.19,688,9.42,4.05
2022-06-28,6,0.5,24.4,213.5,17.81,684,9.48,5.24
2022-06-28,6,0.75,23.9,190.7,16.06,675,9.47,1.67
2022-06-28,6,1,23.7,172.5,14.58,676,9.42,1.47
2022-06-28,7,0,24.9,147.7,12.18,737,8.9,4.02
2022-06-28,7,0.5,24.9,150.3,12.4,736,8.9,4.21
2022-06-28,7,0.75,24.9,157.2,12.98,734,8.92,4.88
2022-06-28,7,1,24.6,157.8,13.1,732,8.93,5.13
2022-06-28,7,1.25,24.3,152.6,12.76,730,8.89,4.91
2022-06-28,7,1.5,23.9,138.6,11.68,734,8.83,4.31
2022-06-28,8,1,26.2,175.7,14.18,727,8.86,14.9
2022-06-28,8,0,23.6,137.4,11.63,718,8.92,5.72
2022-07-01,1,0,25.3,115.9,9.5,745,8.79,8.71
2022-07-01,1,0.5,25.3,116.3,9.53,745,8.79,9.28
2022-07-01,1,0.75,25.3,116.4,9.54,745,8.79,9.06
2022-07-01,1,1,25.3,116.4,9.55,745,8.79,9.3
2022-07-01,1,1.25,25.3,116.4,9.55,745,8.79,8.92
2022-07-01,1,1.5,25.3,116.5,9.55,745,8.79,9.15
2022-07-01,1,1.75,25.3,116.5,9.56,745,8.79,9.61
2022-07-01,1,2,25.3,116.5,9.56,744,8.79,9.63
2022-07-01,1,2.25,25.3,116.5,9.56,744,8.79,9.49
2022-07-01,1,2.5,25.2,116.8,9.59,744,8.79,9.27
2022-07-01,1,2.75,25.2,117.4,9.65,744,8.79,10
2022-07-01,1,3,25.1,117.4,9.66,744,8.79,10.41
2022-07-01,2,0,24.6,109.1,9.06,770,8.45,5.71
2022-07-01,2,0.5,24.6,109.2,9.07,773,8.35,10.1
2022-07-01,3,0,25.4,127.1,10.39,765,8.67,7.14
2022-07-01,3,0.5,25.5,133.1,10.87,765,8.7,6.21
2022-07-01,3,0.75,25.4,130.3,10.66,765,8.69,7.46
2022-07-01,3,1,25.4,123.8,10.13,766,8.65,8
2022-07-01,4,0,25.4,127.1,10.39,765,8.67,7.14
2022-07-01,4,0.5,25.5,133.1,10.87,765,8.7,6.21
2022-07-01,4,0.75,25.4,130.3,10.66,765,8.69,7.4
2022-07-01,4,1,25.4,123.8,10.13,766,8.65,8
2022-07-01,5,0,25.4,122.3,10.01,728,8.92,6.5
2022-07-01,5,0.5,25.4,122.5,10.03,729,8.92,6.73
2022-07-01,5,0.75,25.4,122.6,10.04,729,8.92,6.57
2022-07-01,5,1,25.4,122.8,10.05,729,8.92,6.4
2022-07-01,5,1.25,25.4,122.8,10.05,729,8.92,6.52
2022-07-01,5,1.5,25.4,122.2,10,729,8.91,6.69
2022-07-01,5,1.75,25.4,122.3,10.01,730,8.91,6.81
2022-07-01,5,2,25.4,121.6,9.95,731,8.9,7.43
2022-07-01,5,2.25,25.4,120.9,9.9,731,8.89,7.61
2022-07-01,5,2.5,25.3,120.5,9.87,731,8.89,8.4
2022-07-01,5,2.75,25.3,120.1,9.84,731,8.88,8.49
2022-07-01,6,0,25.2,151.4,12.47,702,9.11,4.21
2022-07-01,6,0.5,25.2,152.9,12.57,702,9.12,4.27
2022-07-01,6,0.75,25.2,156,12.82,702,9.13,3.9
2022-07-01,6,1,25.2,154.6,12.7,702,9.12,4.48
2022-07-01,6,1.25,25.1,149.1,12.25,703,9.09,4.18
2022-07-01,6,1.5,25.1,136.7,11.22,706,9.02,4.34
2022-07-01,7,0,25.5,151.1,12.34,718,8.95,3.72
2022-07-01,7,0.5,25.6,150.1,12.25,718,8.94,3.99
2022-07-01,7,0.75,25.5,153.8,12.57,720,8.96,4.31
2022-07-01,7,1,25.5,154.8,12.66,720,8.96,4.4
2022-07-01,7,1.25,25.4,157.6,12.89,720,8.97,4.56
2022-07-01,7,1.5,25.4,135.5,11.08,731,8.76,4.49
2022-07-01,8,0,25.2,114.8,9.43,732,8.85,5.56
2022-07-01,8,0.5,25.2,115,9.45,732,8.86,5.49
2022-07-01,8,0.75,25.2,115.2,9.46,731,8.86,5.22
2022-07-01,8,1,25.2,116,9.52,731,8.87,6.03
2022-07-05,1,0,26.3,133.6,10.77,736,8.89,5.62
2022-07-05,1,0.5,26.2,135.1,10.91,737,8.89,7.06
2022-07-05,1,0.75,25.9,139.2,11.29,737,8.9,9.23
2022-07-05,1,1,25.6,139.2,11.35,736,8.9,11.1
2022-07-05,1,1.25,25.6,140.1,11.42,736,8.9,11.34
2022-07-05,1,1.5,25.6,139.7,11.4,736,8.9,11.42
2022-07-05,1,1.75,25.5,138.5,11.31,737,8.89,12.37
2022-07-05,1,2,25.5,136.8,11.18,737,8.87,12.09
2022-07-05,1,2.25,25.5,133.3,10.91,739,8.85,11.79
2022-07-05,1,2.5,25.3,127.1,10.43,750,8.76,10.24
2022-07-05,1,2.75,24.9,105.2,8.68,777,8.44,10.49
2022-07-05,1,3,24.7,86.2,7.14,807,8.16,10.89
2022-07-05,1,3.25,24.2,63,5.26,865,7.78,11.13
2022-07-05,2,0,26.2,101.3,8.16,768,8.36,7.22
2022-07-05,2,0.5,25.5,81,6.62,780,8.08,6.32
2022-07-05,3,0,26.5,157.9,12.61,764,8.88,18.32
2022-07-05,3,0.5,24.8,172.8,14.28,891,8.51,14.01
2022-07-05,3,0.75,23.5,206.5,17.57,1101,8.26,9.15
2022-07-05,4,0,27.1,144.2,11.45,740,8.91,6.27
2022-07-05,4,0.5,26.6,142.7,11.42,742,8.88,7.14
2022-07-05,4,0.75,25.6,111,9.06,764,8.52,8.77
2022-07-05,5,0,26.3,118.7,9.56,731,8.86,5.78
2022-07-05,5,0.5,26.2,121.1,9.78,731,8.88,6.98
2022-07-05,5,0.75,26,122.9,9.97,729,8.89,7.76
2022-07-05,5,1,25.8,122.6,9.97,731,8.87,8.24
2022-07-05,5,1.25,25.7,121.6,9.91,734,8.86,8.81
2022-07-05,5,1.5,25.6,121.5,9.91,735,8.85,9.57
2022-07-05,5,1.75,25.6,119.5,9.75,736,8.83,10.39
2022-07-05,5,2,25.6,118.4,9.66,736,8.83,10.41
2022-07-05,5,2.25,25.6,97.7,7.98,739,8.77,12.12
2022-07-05,5,2.5,25.3,47.2,3.88,766,8.31,13.31
2022-07-05,6,0,26.2,200.8,16.16,662,9.82,2.72
2022-07-05,6,0.5,25.5,156.1,12.76,664,9.61,5.95
2022-07-05,6,0.75,25.4,138.5,11.63,666,9.55,3.04
2022-07-05,6,1,25.3,132,10.83,667,9.51,2.73
2022-07-05,6,1.25,25.2,126.4,10.34,668,9.47,3.18
2022-07-05,6,1.5,24.8,59.4,4.81,706,8.67,4.74
2022-07-05,7,0,25.8,156.2,12.65,717,9.03,7.68
2022-07-05,7,0.5,25.9,160.1,13.05,717,9.04,7.81
2022-07-05,7,0.75,25.6,160.8,13.13,716,9.05,8
2022-07-05,7,1,25.6,163.3,13.33,716,9.06,7.82
2022-07-05,7,1.25,25.5,159.6,13.06,714,9.06,8.61
2022-07-05,8,0,26.2,105.9,8.55,726,8.81,4.4
2022-07-05,8,0.5,25.6,97.5,7.98,727,8.78,4.13
2022-07-05,8,0.75,25.2,93.5,7.67,727,8.73,4.8
2022-07-07,1,0,26,128.8,10.43,721,8.89,11.13
2022-07-07,1,0.5,26.1,129.7,10.5,722,8.89,11.47
2022-07-07,1,0.75,26.1,130,10.51,722,8.89,12.09
2022-07-07,1,1,26,130.4,10.56,721,8.9,12.26
2022-07-07,1,1.25,26,130.3,10.55,721,8.91,12.07
2022-07-07,1,1.5,26,129.8,10.52,721,8.91,11.91
2022-07-07,1,1.75,25.9,128.8,10.44,721,8.91,11.89
2022-07-07,1,2,25.9,127.7,10.35,721,8.9,12.24
2022-07-07,1,2.25,25.9,126.6,10.26,722,8.89,11.91
2022-07-07,1,2.5,25.9,125.3,10.16,723,8.88,11.72
2022-07-07,1,2.75,25.8,106.3,8.69,739,8.72,13.02
2022-07-07,1,3,25.2,62.1,5.06,805,7.95,10.24
2022-07-07,1,3.25,25.1,41.4,3.4,822,7.72,11.44
2022-07-07,1,3.5,24.5,17,1.28,856,7.32,47.96
2022-07-07,2,0,27.1,142.4,11.35,717,9.01,7.33
2022-07-07,2,0.5,26.4,107,8.25,737,8.42,6.72
2022-07-07,3,0,27.3,149.9,12.3,692,8.89,12.54
2022-07-07,3,0.5,27.9,135.6,11.13,640,8.52,19.1
2022-07-07,3,0.75,22.7,65.1,5.46,592,7.75,18.58
2022-07-07,4,0,27,131.5,10.49,706,8.93,9.26
2022-07-07,4,0.5,27,133.2,10.61,706,8.93,8.95
2022-07-07,4,0.75,26.9,125,10.02,711,8.79,11.51
2022-07-07,5,0,26.5,119.9,9.66,729,8.87,7.31
2022-07-07,5,0.5,26.4,121.1,9.75,730,8.85,8.12
2022-07-07,5,0.75,26.2,120,9.73,732,8.84,9.48
2022-07-07,5,1,25.9,119.6,9.71,733,8.84,9.88
2022-07-07,5,1.25,25.8,119.5,9.72,732,8.84,10.12
2022-07-07,5,1.5,25.7,118,9.56,733,8.82,11.19
2022-07-07,5,1.75,25.6,114.8,9.33,734,8.81,11.36
2022-07-07,5,2,25.6,112.1,9.14,736,8.78,12.04
2022-07-07,5,2.25,25.6,109.1,8.46,742,8.63,12.45
2022-07-07,5,2.5,25.4,76.4,6.23,760,8.31,12.68
2022-07-07,5,2.75,25.3,56.2,4.5,786,8.11,15.11
2022-07-07,6,0,25.9,189.9,15.71,663,9.64,3.04
2022-07-07,6,0.5,25.6,189,14.62,660,9.62,2.03
2022-07-07,6,0.75,25.3,158.1,12.89,658,9.54,2.12
2022-07-07,6,1,25,135,10.98,660,9.54,2.91
2022-07-07,6,1.25,25,125,10.16,661,9.41,2.82
2022-07-07,6,1.5,24.4,36.2,2.91,736,7.93,4.33
2022-07-07,7,0,25.9,152.3,12.36,695,9.21,5.85
2022-07-07,7,0.5,25.9,153.1,12.44,695,9.21,5.74
2022-07-07,7,0.75,25.9,153.9,12.47,695,9.21,6.12
2022-07-07,7,1,25.9,157.9,12.85,694,9.23,6.03
2022-07-07,7,1.25,25.9,158.9,12.94,693,9.24,5.45
2022-07-07,7,1.5,25.8,158.5,12.91,692,9.24,5.68
2022-07-07,7,1.75,25.7,158.4,12.92,692,9.24,6.52
2022-07-07,7,2,25.5,155,12.61,692,9.21,5.89
2022-07-07,8,0,25.9,129.5,10.51,699,9.06,3.98
2022-07-07,8,0.5,25.9,129.6,10.53,698,9.02,3.99
2022-07-07,8,0.75,25.7,129.6,10.58,699,9,5.92
2022-07-11,1,0,25.2,108.7,8.94,732,8.74,9.19
2022-07-11,1,0.5,25.2,109.1,8.97,732,8.74,10.8
2022-07-11,1,0.75,25.2,109.2,8.98,732,8.74,10.86
2022-07-11,1,1,25.2,109.1,8.97,732,8.74,10.66
2022-07-11,1,1.25,25.2,109.1,8.97,732,8.74,10.42
2022-07-11,1,1.5,25.2,109.2,8.98,732,8.74,10.55
2022-07-11,1,1.75,25.2,108.7,8.94,733,8.73,10.25
2022-07-11,1,2,25.2,108.5,8.92,733,8.73,10.61
2022-07-11,1,2.25,25.2,108.4,8.92,733,8.73,10.5
2022-07-11,1,2.5,25.2,108.4,8.91,733,8.72,10.49
2022-07-11,1,2.75,25.2,108.2,8.9,733,8.72,10.82
2022-07-11,1,3,25.2,108.1,8.89,733,8.72,10.62
2022-07-11,1,3.25,25.2,107.9,8.87,733,8.71,11.24
2022-07-11,2,0,23.7,81,6.83,751,8.37,6.8
2022-07-11,2,0.5,23.6,68.7,5.8,766,8.15,9.17
2022-07-11,3,0,24.2,96.2,8.04,778,8.21,14.54
2022-07-11,3,0.5,24.1,97.2,8.15,788,8.18,25.09
2022-07-11,3,0.75,22.8,64.7,5.54,890,7.66,10.74
2022-07-11,3,1,22,51.1,4.45,973,7.5,2.66
2022-07-11,4,0,24.9,86.3,7.12,723,8.55,6.05
2022-07-11,4,0.5,24.9,83.4,6.87,726,8.52,5.66
2022-07-11,4,0.75,24.8,77.2,6.37,727,8.43,6.21
2022-07-11,5,0,25.1,108.8,8.95,731,8.76,8.98
2022-07-11,5,0.5,25.2,109.6,9.01,731,8.76,9.4
2022-07-11,5,0.75,25.1,109.8,9.03,731,8.76,9.3
2022-07-11,5,1,25.1,109.8,9.03,731,8.76,9.12
2022-07-11,5,1.25,25.2,109.9,9.04,731,8.75,9.11
2022-07-11,5,1.5,25.2,109.8,9.03,731,8.75,9.4
2022-07-11,5,1.75,25.2,109.9,9.04,731,8.75,9.25
2022-07-11,5,2,25.2,109.8,9.03,731,8.74,9.6
2022-07-11,5,2.25,25.2,109.7,9.02,731,8.74,9.4
2022-07-11,5,2.5,25.2,109.7,9.02,731,8.74,9.06
2022-07-11,5,2.75,25.2,109.6,9.01,731,8.73,9.61
2022-07-11,6,0,24.7,133.2,11.05,696,9.09,5.11
2022-07-11,6,0.5,24.7,133.3,11.05,697,9.09,6.59
2022-07-11,6,0.75,24.7,132.9,11.09,697,9.09,6.6
2022-07-11,6,1,24.7,131.9,10.93,697,9.09,5.63
2022-07-11,6,1.25,24.7,130.5,10.82,696,9.09,5.01
2022-07-11,7,0,25.1,141.5,11.65,699,9.11,5.59
2022-07-11,7,0.5,25.1,146,12.03,700,9.12,6.61
2022-07-11,7,0.75,25,147.8,12.18,700,9.13,5.83
2022-07-11,7,1,25,149.2,12.3,700,9.13,7.24
2022-07-11,8,0,23.9,82.1,6.91,727,8.62,4.24
2022-07-11,8,0.5,23.9,82,6.9,727,8.63,3.71
2022-07-11,8,0.75,24,82.1,6.9,728,8.62,3.77
2022-07-13,1,0,25.5,113.6,9.29,732,8.8,7.75
2022-07-13,1,0.5,25.5,114.8,9.38,732,8.8,8.24
2022-07-13,1,0.75,25.5,115,9.4,733,8.8,9.19
2022-07-13,1,1,25.4,115.5,9.44,732,8.8,8.87
2022-07-13,1,1.25,25.4,115.8,9.47,732,8.79,9.97
2022-07-13,1,1.5,25.4,115.8,9.48,732,8.79,10.25
2022-07-13,1,1.75,25.4,116.3,9.54,733,8.79,10.09
2022-07-13,1,2,25.3,116.4,9.55,733,8.78,9.96
2022-07-13,1,2.25,25.3,116.3,9.55,734,8.77,10.39
2022-07-13,1,2.5,25.2,116,9.52,734,8.76,10.81
2022-07-13,1,2.75,25.2,115.6,9.49,734,8.76,11.28
2022-07-13,1,3,25.2,110.3,9.07,737,8.72,11.7
2022-07-13,1,3.25,25,97.6,8.12,742,8.59,12.25
2022-07-13,1,3.5,24.5,80.8,6.65,781,8.14,19.92
2022-07-13,2,0,25,101.1,8.32,752,8.52,8.84
2022-07-13,3,0,24.9,124.1,10.23,823,8.35,14.68
2022-07-13,3,0.5,24.5,117.1,9.74,849,8.21,19.28
2022-07-13,3,0.75,22.2,54.5,4.7,1030,7.59,5.86
2022-07-13,4,0,24.4,86.4,7.2,761,8.1,4.24
2022-07-13,4,0.5,24,59,4.95,774,7.74,4.75
2022-07-13,5,0,25.7,113.8,9.26,726,8.87,6.12
2022-07-13,5,0.5,25.7,114.5,9.32,726,8.87,7.02
2022-07-13,5,0.75,25.7,114.7,9.35,726,8.87,7.26
2022-07-13,5,1,25.7,114.8,9.35,726,8.87,7.49
2022-07-13,5,1.25,25.6,115.2,9.39,726,8.87,7.59
2022-07-13,5,1.5,25.6,115.3,9.41,726,8.86,7.9
2022-07-13,5,1.75,25.4,114.4,9.37,729,8.83,8.53
2022-07-13,5,2,25.3,113.4,9.3,730,8.82,8.77
2022-07-13,5,2.25,25.3,112.8,9.26,730,8.81,8.45
2022-07-13,5,2.5,25.3,112.3,9.2,730,8.81,9.36
2022-07-13,6,0,26.6,250.5,19.87,682,9.75,1.57
2022-07-13,6,0.5,25.8,225.4,18.22,681,9.55,3.1
2022-07-13,6,0.75,25.1,171.3,14.13,682,9.38,2.91
2022-07-13,6,1,24.9,160.7,13.25,683,9.34,2.92
2022-07-13,6,1.25,24.8,144,11.91,685,9.32,2.99
2022-07-13,7,0,26.3,168.2,13.55,704,9.2,4.58
2022-07-13,7,0.5,26.4,170.8,13.74,704,9.2,3.89
2022-07-13,7,0.75,26.3,171.8,13.84,705,9.19,4.24
2022-07-13,7,1,25.7,169.5,13.79,709,9.13,7.51
2022-07-13,7,1.25,25.3,165.8,13.59,712,9.1,7.29
2022-07-13,7,1.5,25.1,155.7,12.8,714,9.03,8.79
2022-07-13,8,0,26.9,188.8,15.19,709,9.18,3.66
2022-07-13,8,0.5,26,191.4,15.53,715,9.12,4.08
2022-07-18,1,0,26.3,136.4,10.99,719,8.88,5.42
2022-07-18,1,0.5,26.3,136.8,11.1,719,8.88,6.63
2022-07-18,1,0.75,26.3,138,11.12,719,8.88,7.11
2022-07-18,1,1,26.2,137.6,11.1,718,8.89,7.8
2022-07-18,1,1.25,26.1,138,11.15,717,8.9,7.75
2022-07-18,1,1.5,25.9,137.2,11.13,716,8.91,9.55
2022-07-18,1,1.75,25.8,134.7,10.96,715,8.9,10.09
2022-07-18,1,2,25.4,113.3,9.16,720,8.74,11.58
2022-07-18,1,2.25,25.1,97.6,8.07,726,8.64,12.42
2022-07-18,1,2.5,24.8,81.7,6.75,738,8.38,13.15
2022-07-18,1,2.75,24.7,76.6,6.35,740,8.3,12.75
2022-07-18,1,3,24.5,74.7,6.21,735,8.12,13.69
2022-07-18,2,0,27.3,117,9.24,733,8.77,6.56
2022-07-18,3,0,27.6,154.4,12.18,781,8.67,15.03
2022-07-18,3,0.5,26.4,144.5,11.64,804,8.52,32.09
2022-07-18,3,0.75,23.9,98.1,8.16,931,7.69,42.03
2022-07-18,4,0,27.1,155.1,12.33,716,8.93,6.45
2022-07-18,4,0.5,26.5,147.4,11.83,715,8.89,6.72
2022-07-18,5,0,26.2,129,10.48,723,8.81,4.92
2022-07-18,5,0.5,26.1,131.2,10.61,723,8.81,5.73
2022-07-18,5,0.75,26.2,131.4,10.6,723,8.81,6.86
2022-07-18,5,1,26.1,131.8,10.67,722,8.81,6.83
2022-07-18,5,1.25,26,132.4,10.72,722,8.82,7.33
2022-07-18,5,1.5,26,133,10.77,722,8.82,9.13
2022-07-18,5,1.75,25.5,129.9,10.61,719,8.82,10
2022-07-18,5,2,25.4,125.6,10.29,719,8.81,9.92
2022-07-18,5,2.25,25.1,100.3,8.2,720,8.7,11.2
2022-07-18,5,2.5,24.9,85.3,6.88,723,8.59,12.84
2022-07-18,6,0,26.8,232.2,18.73,665,9.87,8.98
2022-07-18,6,0.5,26,191.3,15.4,661,9.95,4.16
2022-07-18,6,0.75,25.3,167.8,13.64,655,9.77,2.64
2022-07-18,6,1,24.4,122.7,10.17,654,9.52,1.38
2022-07-18,6,1.25,23.5,29.8,2.36,666,9.11,0.63
2022-07-18,7,0,26.6,169.8,13.6,693,9.17,4.73
2022-07-18,7,0.5,26.5,175.2,14.06,692,9.2,4.27
2022-07-18,7,0.75,26.4,184.3,14.86,689,9.23,11.62
2022-07-18,7,1,26.3,179.3,14.45,689,9.21,8.14
2022-07-18,8,0,25.6,141.2,11.56,710,8.87,4.06
2022-07-18,8,0.5,24.9,149.4,12.35,706,8.92,5.31
2022-07-21,1,0,26.2,104.7,8.46,723,8.76,6.61
2022-07-21,1,0.5,26.2,105.6,8.53,723,8.77,9.81
2022-07-21,1,0.75,26.1,107,8.65,721,8.79,10.85
2022-07-21,1,1,26,109.1,8.84,720,8.81,10.25
2022-07-21,1,1.25,25.9,108.1,8.77,720,8.8,11.25
2022-07-21,1,1.5,25.8,106.4,8.64,722,8.76,11.87
2022-07-21,1,1.75,25.8,104,8.46,724,8.74,12.3
2022-07-21,1,2,25.7,103.6,8.43,727,8.71,13.35
2022-07-21,1,2.25,25.7,103.6,8.44,727,8.7,12.75
2022-07-21,1,2.5,25.7,103.4,8.42,729,8.69,12.99
2022-07-21,1,2.75,25.6,102.6,8.37,730,8.68,14.11
2022-07-21,1,3,25.6,97.1,7.93,733,8.62,15.25
2022-07-21,1,3.25,25.5,94,7.68,736,8.59,14.83
2022-07-21,2,0,25.9,112.8,9.2,762,8.53,12.39
2022-07-21,3,0,26,116.9,9.48,835,8.05,7.4
2022-07-21,3,0.5,25.5,98.4,8.06,860,7.88,10.22
2022-07-21,3,0.75,24.4,57.1,4.77,875,7.43,15.98
2022-07-21,3,1,24.1,46.2,3.87,867,7.34,13.35
2022-07-21,4,0,26.4,145.1,11.65,732,8.78,9.17
2022-07-21,4,0.5,25.5,118.4,9.72,741,8.46,7.62
2022-07-21,5,0,25.9,106,8.6,713,8.88,8.28
2022-07-21,5,0.5,25.9,106.3,8.62,713,8.88,8.84
2022-07-21,5,0.75,25.9,106.4,8.63,713,8.87,8.91
2022-07-21,5,1,25.9,106.4,8.63,713,8.87,9.65
2022-07-21,5,1.25,25.9,106.3,8.63,713,8.87,8.96
2022-07-21,5,1.5,25.9,106.4,8.63,713,8.87,8.74
2022-07-21,5,1.75,25.9,105.2,8.54,713,8.86,9.34
2022-07-21,5,2,25.9,102.9,8.37,712,8.86,9.21
2022-07-21,5,2.25,25.8,102.1,8.29,713,8.85,8.43
2022-07-21,5,2.5,25.8,98.7,8.02,712,8.84,9.18
2022-07-21,6,0,25.4,138.3,11.33,672,9.45,3.55
2022-07-21,6,0.5,25.2,124.6,10.24,673,9.4,3.24
2022-07-21,6,0.75,25.2,117.2,9.62,673,9.37,3.37
2022-07-21,6,1,25.1,107,8.81,673,9.35,3.11
2022-07-21,6,1.25,25.1,103,8.46,672,9.35,3.21
2022-07-21,7,0,25.8,131.1,10.65,706,9.03,7.17
2022-07-21,7,0.5,25.8,134,10.89,706,9.02,7.28
2022-07-21,7,0.75,25.7,134.5,10.95,705,9.03,6.86
2022-07-21,7,1,25.6,136.8,11.15,704,9.03,8.91
2022-07-21,7,1.25,25.6,130.3,10.64,704,9.01,8.71
2022-07-21,8,0,25.3,102.4,8.41,718,8.77,4.01
2022-07-21,8,0.5,25.2,102.3,8.39,718,8.76,4.81
2022-07-21,8,0.75,25.2,95.9,7.9,718,8.76,6.77
2022-07-25,1,0,26,103.8,8.4,731,8.77,8.16
2022-07-25,1,0.5,26.1,104.2,8.43,731,8.77,10.2
2022-07-25,1,0.75,26.1,104.3,8.44,731,8.77,11.32
2022-07-25,1,1,26,104.4,8.45,731,8.77,11.5
2022-07-25,1,1.25,26,104.5,8.46,730,8.77,11.35
2022-07-25,1,1.5,26,104.5,8.46,730,8.77,11.26
2022-07-25,1,1.75,25.9,104.2,8.45,730,8.76,12.53
2022-07-25,1,2,25.9,103.9,8.43,731,8.76,12.46
2022-07-25,1,2.25,25.8,103.7,8.42,731,8.74,13.36
2022-07-25,1,2.5,25.8,104.4,8.49,731,8.75,13.16
2022-07-25,1,2.75,25.8,104.8,8.53,731,8.74,13.1
2022-07-25,1,3,25.7,106.8,8.69,733,8.75,12.84
2022-07-25,1,3.25,25.7,100.1,8.17,742,8.68,13.24
2022-07-25,2,0,25.3,109.3,8.97,710,8.77,13.67
2022-07-25,3,0,25.6,126.2,10.31,757,8.59,26.31
2022-07-25,3,0.5,24.8,131.8,10.89,758,8.69,23.83
2022-07-25,3,0.75,24.2,81,6.9,829,7.8,7.16
2022-07-25,4,0,25.9,90.6,7.3,708,8.54,6.77
2022-07-25,4,0.5,25.3,73.2,6,727,8.29,6.09
2022-07-25,4,0.75,24.6,53,4.4,735,7.69,48.12
2022-07-25,5,0,26.1,104.8,8.47,716,8.88,9.79
2022-07-25,5,0.5,26.1,105.3,8.51,717,8.87,10.36
2022-07-25,5,0.75,26.1,105.4,8.51,717,8.87,10.28
2022-07-25,5,1,26.1,105.5,8.53,717,8.87,10.33
2022-07-25,5,1.25,26.1,105.6,8.54,717,8.87,10.47
2022-07-25,5,1.5,26.1,105.3,8.52,717,8.88,10.28
2022-07-25,5,1.75,26,105.1,8.5,716,8.88,10.77
2022-07-25,5,2,26,104.9,8.49,716,8.87,10.36
2022-07-25,5,2.25,26,105,8.49,716,8.87,10.63
2022-07-25,5,2.5,26,102.9,8.34,715,8.86,10.86
2022-07-25,5,2.75,26,102.2,8.28,715,8.85,11.46
2022-07-25,6,0,25.4,12.1,12.11,658,9.65,4.43
2022-07-25,6,0.5,25.3,11.1,11.14,660,9.56,3.33
2022-07-25,6,0.75,25,9.3,9.3,660,9.48,2.86
2022-07-25,6,1,25,9.1,9.12,662,9.46,2.39
2022-07-25,6,1.25,24.9,9,8.96,662,9.44,2.05
2022-07-25,7,0,25.5,106.7,8.72,701,8.94,5.81
2022-07-25,7,0.5,25.5,107.3,8.76,701,8.94,5.9
2022-07-25,7,0.75,25.5,111.3,9.09,700,8.96,6.12
2022-07-25,7,1,25.5,125.4,10.24,699,9.01,6.63
2022-07-25,8,0,24.8,86.6,7.16,706,8.62,4.82
2022-07-25,8,0.5,24.7,76.7,6.35,708,8.48,4.6
2022-07-28,1,0,25.6,105.1,8.57,723,8.79,7.95
2022-07-28,1,0.5,25.6,105.3,8.59,723,8.79,9.3
2022-07-28,1,0.75,25.6,105.4,8.59,723,8.79,10.51
2022-07-28,1,1,25.6,105.6,8.61,723,8.79,11
2022-07-28,1,1.25,25.6,105.5,8.59,723,8.78,11.72
2022-07-28,1,1.5,25.6,105.5,8.6,723,8.78,11.16
2022-07-28,1,1.75,25.6,105.6,8.61,723,8.78,11.65
2022-07-28,1,2,25.6,105.9,8.64,723,8.78,11.34
2022-07-28,1,2.25,25.6,105.9,8.64,723,8.78,11.39
2022-07-28,1,2.5,25.6,105.5,8.61,724,8.77,12.49
2022-07-28,1,2.75,25.6,104.7,8.55,724,8.76,11.91
2022-07-28,1,3,25.5,103,8.41,725,8.74,13.56
2022-07-28,1,3.25,25.5,103,8.41,725,8.74,14.17
2022-07-28,2,0,25.3,111.7,9.17,724,8.73,6.95
2022-07-28,3,0,25.4,127,10.34,810,8.4,13.66
2022-07-28,3,0.5,25.3,120,9.81,827,8.27,21.55
2022-07-28,3,0.75,24.3,91.1,7.52,875,7.85,30
2022-07-28,3,1,23.4,78,6.62,889,7.64,34.66
2022-07-28,4,0,26.5,150.9,12.14,722,8.96,13.53
2022-07-28,4,0.5,25.8,135.3,10.59,723,8.85,14.64
2022-07-28,5,0,25.9,112.1,9.1,706,9.04,3.37
2022-07-28,5,0.5,25.9,112.7,9.15,706,9.03,5.09
2022-07-28,5,0.75,25.9,112.7,9.15,706,9.03,5.95
2022-07-28,5,1,25.9,113.1,9.17,706,9.03,6.19
2022-07-28,5,1.25,25.9,113.5,9.21,706,9.04,6.65
2022-07-28,5,1.5,25.9,113.8,9.24,706,9.03,6.61
2022-07-28,5,1.75,25.9,113.8,9.23,706,9.03,6.84
2022-07-28,5,2,25.9,114,9.25,705,9.03,7.71
2022-07-28,5,2.25,25.9,114.2,9.28,705,9.03,7.36
2022-07-28,5,2.5,25.7,113.9,9.26,705,9.02,7.36
2022-07-28,6,0,25.7,160.7,13.15,673,9.58,2.21
2022-07-28,6,0.5,25.5,147.7,12.17,671,9.55,2.51
2022-07-28,6,0.75,25.4,137.7,11.22,670,9.54,2.77
2022-07-28,6,1,25.3,118.5,9.61,668,9.55,2.72
2022-07-28,7,0,26.1,145.3,11.78,701,9.18,4.71
2022-07-28,7,0.5,26.1,147.7,11.95,701,9.18,5.4
2022-07-28,7,0.75,26.1,150.3,12.17,701,9.18,6.22
2022-07-28,8,0,25.5,125,10.22,709,8.96,4.07
2022-07-28,8,0.5,25.5,125,10.22,709,8.95,4.68
2022-07-28,8,0.75,25.4,123.5,10.17,710,8.94,6.2
2022-08-02,1,0,25.5,116.9,9.55,724,8.81,5.67
2022-08-02,1,0.5,25.6,117.3,9.58,724,8.81,5.9
2022-08-02,1,0.75,25.5,117.7,9.62,723,8.81,7.35
2022-08-02,1,1,25.5,117.8,9.64,722,8.81,8.18
2022-08-02,1,1.25,25.5,117.6,9.61,722,8.8,9.15
2022-08-02,1,1.5,25.5,117.4,9.6,722,8.8,9.29
2022-08-02,1,1.75,25.5,117.4,9.6,721,8.8,9.22
2022-08-02,1,2,25.5,116.5,9.52,721,8.8,9.23
2022-08-02,1,2.25,25.5,116.5,9.52,721,8.8,9.34
2022-08-02,1,2.5,25.4,115.4,9.44,720,8.79,9.69
2022-08-02,1,2.75,25.4,107.8,8.82,720,8.76,9.92
2022-08-02,1,3,25.1,64.3,5.31,749,8.2,12.14
2022-08-02,1,3.25,24.7,44.3,3.67,776,7.8,15.87
2022-08-02,2,0,25.8,125.7,10.21,723,8.87,6.64
2022-08-02,2,0.5,24.2,99.9,8.37,754,8.5,7.51
2022-08-02,3,0,25.3,132.3,10.98,806,8.59,11.67
2022-08-02,3,0.5,25,134.5,11.09,806,8.56,14.49
2022-08-02,3,0.75,23.9,72.4,6.14,984,7.69,6.48
2022-08-02,4,0,25.8,126.7,10.3,721,8.84,4.34
2022-08-02,4,0.5,25.4,90.8,7.53,734,8.44,4.61
2022-08-02,5,0,25.7,115.2,9.38,710,8.94,4.05
2022-08-02,5,0.5,25.7,116.2,9.46,710,8.93,4.71
2022-08-02,5,0.75,25.7,116.2,9.47,710,8.92,5.51
2022-08-02,5,1,25.7,116.5,9.49,710,8.92,6
2022-08-02,5,1.25,25.7,116.7,9.51,710,8.92,7.07
2022-08-02,5,1.5,25.7,117.2,9.56,711,8.91,7.85
2022-08-02,5,1.75,25.6,119,9.7,712,8.89,9.77
2022-08-02,5,2,25.5,119.2,9.75,713,8.86,9.7
2022-08-02,5,2.25,25.5,118.6,9.69,714,8.85,9.66
2022-08-02,5,2.5,25.5,117.6,9.61,715,8.84,9.43
2022-08-02,5,2.75,25.5,113.4,9.29,718,8.81,10.25
2022-08-02,6,0,25.7,155.6,12.67,678,9.39,3.93
2022-08-02,6,0.5,25.7,143.4,11.73,680,9.31,3.13
2022-08-02,6,0.75,25.3,124.3,10.2,682,9.2,3.66
2022-08-02,6,1,25.2,120.6,9.9,683,9.19,4.16
2022-08-02,6,1.25,25.1,117,9.61,684,9.17,3.77
2022-08-02,7,0,25.7,140.5,11.45,699,9.04,4.58
2022-08-02,7,0.5,25.7,142.8,11.64,699,9.05,5.4
2022-08-02,7,0.75,25.6,150.7,12.3,697,9.08,6.08
2022-08-02,7,1,25.5,151.5,12.38,696,9.07,6.99
2022-08-02,7,1.25,25.4,129.4,10.65,697,9.04,8.95
2022-08-02,8,0,24.9,96.5,7.98,713,8.72,5.01
2022-08-02,8,0.5,24.7,90,7.46,715,8.67,6
2022-08-04,1,0,25.7,108.5,8.84,723,8.81,5.03
2022-08-04,1,0.5,25.6,108.5,8.86,723,8.81,5.42
2022-08-04,1,0.75,25.6,108.6,8.85,723,8.81,6.4
2022-08-04,1,1,25.6,108.4,8.85,722,8.81,7.37
2022-08-04,1,1.25,25.5,108,8.83,721,8.81,7.57
2022-08-04,1,1.5,25.4,108,8.84,721,8.81,7.83
2022-08-04,1,1.75,25.4,108,8.83,721,8.81,8.42
2022-08-04,1,2,25.4,108,8.84,721,8.8,8.52
2022-08-04,1,2.25,25.3,108,8.85,721,8.8,8.4
2022-08-04,1,2.5,25.3,107.7,8.81,722,8.79,8.33
2022-08-04,1,2.75,25.2,106.3,8.74,722,8.78,8.78
2022-08-04,1,3,25.1,105.4,8.68,722,8.78,8.66
2022-08-04,1,3.25,25,95.6,7.9,737,8.54,10.06
2022-08-04,2,0,25.1,107.2,8.82,728,8.74,8.2
2022-08-04,2,0.5,24.1,61,5.13,743,8.16,9.25
2022-08-04,3,0,24.6,108.4,9.01,809,8.38,7.34
2022-08-04,3,0.5,24.2,99.3,8.31,825,8.21,10.24
2022-08-04,3,0.75,23.6,52.9,4.5,931,7.57,5.78
2022-08-04,3,1,23.4,42.2,3.56,978,7.4,4.58
2022-08-04,3,1.25,23.4,4.8,0.4,950,6.93,6.06
2022-08-04,4,0,25,89.3,7.37,730,8.62,7.88
2022-08-04,4,0.5,24.5,42.5,3.56,740,8.18,8.94
2022-08-04,4,0.75,24.3,31.5,2.63,746,7.92,10.96
2022-08-04,5,0,25.8,104.3,8.47,715,8.87,4.79
2022-08-04,5,0.5,25.8,104.8,8.52,716,8.86,4.82
2022-08-04,5,0.75,25.8,105.1,8.55,716,8.86,6
2022-08-04,5,1,25.7,105.5,8.59,717,8.59,6.73
2022-08-04,5,1.25,25.7,105.5,8.59,717,8.86,7.69
2022-08-04,5,1.5,25.6,105.5,8.63,714,8.91,8.12
2022-08-04,5,1.75,25.5,105.1,8.59,711,8.91,7.84
2022-08-04,5,2,25.5,106.9,9.74,709,8.93,8.56
2022-08-04,5,2.25,25.5,108.3,8.85,709,8.93,8.64
2022-08-04,5,2.5,25.5,107.1,8.76,710,8.92,8.3
2022-08-04,5,2.75,25.5,107.1,8.76,710,8.92,8.47
2022-08-04,6,0,26,203,15.87,676,9.7,2.77
2022-08-04,6,0.5,25.7,140,11.47,680,9.42,2.62
2022-08-04,6,0.75,25,104,8.59,680,9.26,2.95
2022-08-04,6,1,24.7,85.4,7.09,681,9.19,3.17
2022-08-04,6,1.25,24.5,70.6,5.88,682,9.14,2.36
2022-08-04,7,0,26.5,132.4,10.62,697,9.06,2.58
2022-08-04,7,0.5,26.4,128.8,10.36,697,9.04,2.51
2022-08-04,7,0.75,26.1,124.2,10.04,699,9,3.75
2022-08-04,7,1,25.9,120.4,9.78,701,8.97,4.3
2022-08-04,7,1.25,25.3,96.4,7.91,707,8.81,7.23
2022-08-04,8,0,26.6,120.9,9.68,713,8.87,3.8
2022-08-04,8,0.5,26.3,129.8,10.43,712,8.91,4.23
2022-08-12,1,0,25.4,113.3,9.28,684,8.81,9.26
2022-08-12,1,0.5,25.4,114.1,9.34,685,8.82,9.32
2022-08-12,1,0.75,25.4,114.6,9.38,685,8.83,9.49
2022-08-12,1,1,25.4,114.7,9.38,685,8.84,9.34
2022-08-12,1,1.25,25.4,114.8,9.4,685,8.84,9.74
2022-08-12,1,1.5,25.4,114.9,9.4,685,8.84,9.55
2022-08-12,1,1.75,25.4,114.9,9.4,685,8.83,9.75
2022-08-12,1,2,25.4,114.9,9.39,685,8.83,9.81
2022-08-12,1,2.25,25.4,114.6,9.38,685,8.82,9.72
2022-08-12,1,2.5,25.4,111.9,9.16,686,8.8,10.6
2022-08-12,1,2.75,25.4,110.5,9.05,686,8.78,11.11
2022-08-12,1,3,25.4,101,8.27,689,8.52,10.68
2022-08-12,1,3.25,25,45.7,3.75,727,7.44,8.75
2022-08-12,2,0,24.4,105.1,8.71,681,8.85,3.07
2022-08-12,2,0.5,24,67,5.53,697,8.25,5.42
2022-08-12,3,0,24.4,120.5,10.07,708,8.71,NA
2022-08-12,3,0.5,24.4,121,10.08,710,8.71,NA
2022-08-12,3,0.75,24.4,110,9.12,727,8.32,NA
2022-08-12,3,1,23.9,27.8,2.42,913,7.51,NA
2022-08-12,3,1.25,22.9,26.1,2.22,915,7.44,NA
2022-08-12,4,0,24.7,131.4,10.87,685,8.92,5.6
2022-08-12,4,0.5,24.7,120.3,9.93,689,8.83,6.88
2022-08-12,4,0.75,24,52.1,4.12,708,7.87,6.03
2022-08-12,5,0,25.1,103.5,8.52,689,8.8,8.38
2022-08-12,5,0.5,25.1,103.6,8.53,689,8.8,8.2
2022-08-12,5,0.75,25.1,103.6,8.53,689,8.8,8.42
2022-08-12,5,1,25.1,103.5,8.52,689,8.8,8.67
2022-08-12,5,1.25,25.1,103.5,8.52,690,8.8,9.15
2022-08-12,5,1.5,25.1,103.5,8.52,690,8.8,8.71
2022-08-12,5,1.75,25.1,103.4,8.51,690,8.8,9.12
2022-08-12,5,2,25.1,103.3,8.51,689,8.79,8.3
2022-08-12,5,2.25,25.1,103.4,8.52,689,8.79,8.41
2022-08-12,5,2.5,25.1,103.4,8.51,689,8.79,8.91
2022-08-12,6,0,25,88.1,7.27,685,8.96,2.35
2022-08-12,6,0.5,25,88,7.26,685,8.96,2.38
2022-08-12,6,0.75,25,87.5,7.22,685,8.96,2.45
2022-08-12,6,1,25,84.6,6.97,687,8.93,2.62
2022-08-12,6,1.25,25,81.2,6.7,689,8.9,2.76
2022-08-12,7,0,25.3,136.2,11.17,678,9.1,5.3
2022-08-12,7,0.5,25.3,127.1,11.25,679,9.12,5.41
2022-08-12,7,0.75,25.3,137.5,11.28,679,9.12,4.9
2022-08-12,7,1,25.3,140.3,11.46,678,9.13,5.28
2022-08-12,7,1.25,25.2,146.8,12.09,677,9.17,6.01
2022-08-12,8,0,24.3,93.5,7.85,698,8.7,4.47
2022-08-12,8,0.5,24.1,74.6,6.32,707,8.47,4.27
2022-08-12,8,0.75,23.9,51.5,4.27,715,8.13,6.01
2022-08-16,1,0,23.6,105.3,8.91,715,8.73,4.72
2022-08-16,1,0.5,23.6,105.4,8.92,715,8.73,7.29
2022-08-16,1,0.75,23.6,105.5,8.94,715,8.73,8.14
2022-08-16,1,1,23.5,105.6,8.95,714,8.73,8.7
2022-08-16,1,1.25,23.5,105.5,8.95,715,8.73,9.16
2022-08-16,1,1.5,23.4,105.3,8.94,714,8.72,9.16
2022-08-16,1,1.75,23.4,105.1,8.93,714,8.72,9.39
2022-08-16,1,2,23.4,104.9,8.91,714,8.72,9.76
2022-08-16,1,2.25,23.4,103.2,8.78,714,8.71,9.35
2022-08-16,1,2.5,23.3,102.4,8.71,714,8.71,9.19
2022-08-16,1,2.75,23.3,101.6,8.65,714,8.7,10.26
2022-08-16,1,3,23.2,95.1,8.12,715,8.64,9.58
2022-08-16,1,3.25,22.9,53.6,4.63,742,7.9,5.81
2022-08-16,2,0,23.1,108,9.21,710,8.86,5.37
2022-08-16,3,0,23.5,133.9,11.35,746,8.77,5.2
2022-08-16,3,0.5,23.4,132.9,11.29,752,8.73,7.43
2022-08-16,3,0.75,22.8,106.3,9.11,785,8.47,11.62
2022-08-16,3,1,21.5,55.1,4.86,889,7.76,3.97
2022-08-16,3,1.25,21.6,58.4,5.11,877,7.75,4.99
2022-08-16,4,0,23.9,124.3,10.37,714,8.77,4
2022-08-16,4,0.5,23.8,110.5,9.3,717,8.71,5.51
2022-08-16,4,0.75,23.3,52.6,4.5,727,8.16,4.56
2022-08-16,5,0,23.4,101.9,8.65,716,8.69,7.14
2022-08-16,5,0.5,23.4,101.8,8.65,716,8.69,9.25
2022-08-16,5,0.75,23.4,100.8,8.57,716,8.68,10.73
2022-08-16,5,1,23.4,100.5,8.54,716,8.68,10.65
2022-08-16,5,1.25,23.2,97.6,8.32,716,8.66,12.29
2022-08-16,5,1.5,23.2,94.7,8.08,716,8.64,13.31
2022-08-16,5,1.75,23.1,92,7.85,717,8.62,13.87
2022-08-16,5,2,23.1,91.5,7.82,717,8.62,14
2022-08-16,5,2.25,23.1,90.2,7.71,718,8.61,13.47
2022-08-16,5,2.5,23.1,91.4,7.8,717,8.6,13.77
2022-08-16,5,2.75,23.1,90.2,7.76,717,8.62,13.71
2022-08-16,6,0,23.1,148.9,12.73,691,9.3,2.53
2022-08-16,6,0.5,22.9,142,12.18,693,9.25,1.9
2022-08-16,6,0.75,22.8,127.1,10.94,694,9.17,2.03
2022-08-16,6,1,22.7,91.1,7.88,698,9,1.3
2022-08-16,6,1.25,22.2,46.5,4.04,714,8.38,1.49
2022-08-16,7,0,23.4,102.6,8.73,708,8.81,3.2
2022-08-16,7,0.5,23.3,106,9.02,708,8.83,4.84
2022-08-16,7,0.75,23.3,104.7,8.91,708,8.81,3.79
2022-08-16,7,1,23.2,101.5,8.65,708,8.79,4.48
2022-08-16,7,1.25,23.1,99.3,8.49,708,8.78,3.99
2022-08-16,8,0,22.2,98.5,8.57,716,8.65,5.28
2022-08-16,8,0.5,22,83.8,7.32,720,8.49,4.64
2022-08-16,8,0.75,21.9,74.2,6.49,721,8.39,5.48
2022-08-18,1,0,24.2,126.3,10.62,714,8.84,6.63
2022-08-18,1,0.5,24.2,127.3,10.66,713,8.84,7.54
2022-08-18,1,0.75,24.2,127.7,10.69,713,8.83,8.25
2022-08-18,1,1,24.2,127.8,10.71,714,8.83,8.5
2022-08-18,1,1.25,24.1,128,10.78,715,8.82,9.99
2022-08-18,1,1.5,23.9,130.4,10.99,715,8.82,10.35
2022-08-18,1,1.75,23.8,130.8,11.02,714,8.82,10.4
2022-08-18,1,2,23.8,126.4,10.6,715,8.77,10.93
2022-08-18,1,2.25,23.7,116.2,9.82,717,8.72,11.01
2022-08-18,1,2.5,23.6,109.4,9.29,719,8.69,10.61
2022-08-18,1,2.75,23.4,81.6,6.94,744,8.3,8.85
2022-08-18,1,3,23.3,78.3,6.66,755,8.18,8.44
2022-08-18,1,3.25,23.1,64.5,5.46,792,7.89,8.66
2022-08-18,2,0,24.2,104.4,8.74,715,8.83,3.6
2022-08-18,2,0.5,22.9,81.2,7.04,722,8.68,2.86
2022-08-18,3,0,24.9,174.9,14.41,740,8.99,7.18
2022-08-18,3,0.5,24.5,150.7,12.39,749,8.84,23.84
2022-08-18,3,0.75,24.2,115.6,9.64,807,8.46,9.07
2022-08-18,3,1,23.2,80.6,6.83,857,8.12,4.78
2022-08-18,3,1.25,22.6,64.1,5.52,881,7.93,2.82
2022-08-18,4,0,24.9,139.6,11.54,714,8.94,2.83
2022-08-18,4,0.5,24.3,100.1,8.38,721,8.7,2.72
2022-08-18,4,0.75,23.8,52.3,4.36,733,8.18,3.25
2022-08-18,5,0,24.5,126.6,10.55,716,8.86,5.75
2022-08-18,5,0.5,24.4,127,10.59,716,8.85,7.09
2022-08-18,5,0.75,24.4,127.3,10.61,716,8.85,6.34
2022-08-18,5,1,24.4,127.5,10.63,716,8.85,7.4
2022-08-18,5,1.25,24.4,127.6,10.64,716,8.85,7.55
2022-08-18,5,1.5,24.4,127.7,10.66,715,8.85,7.3
2022-08-18,5,1.75,24,127,10.67,714,8.85,10.27
2022-08-18,5,2,23.5,117.2,9.88,714,8.81,10.4
2022-08-18,5,2.25,23.4,111,9.36,715,8.78,10.11
2022-08-18,5,2.5,23.3,106.6,9.06,715,8.77,10.63
2022-08-18,6,0,25.6,187.4,15.14,700,9.36,4.38
2022-08-18,6,0.5,24.2,159.1,13.5,696,9.29,3.09
2022-08-18,6,0.75,23.9,133.1,11.28,698,9.23,1.71
2022-08-18,6,1,23.7,103.4,8.67,709,9.02,1.81
2022-08-18,6,1.25,23.5,62.4,5.2,723,8.73,2.82
2022-08-18,7,0,25.1,149.5,12.32,706,9.06,3.33
2022-08-18,7,0.5,25.1,157.3,12.45,706,9.05,3.23
2022-08-18,7,0.75,25,151.8,12.49,707,9.05,7.71
2022-08-18,7,1,24.9,153,12.69,707,9.05,4.1
2022-08-18,7,1.25,24.6,156.4,12.47,706,9.08,5.32
2022-08-18,7,1.5,24.3,140.7,11.73,707,9.02,5.49
2022-08-18,8,0,25.6,152.2,12.43,719,8.99,6.33
2022-08-18,8,0.5,24.5,140,11.6,720,8.85,7.78
2022-08-18,8,0.75,23.6,54.5,4.58,741,8.05,6.4
2022-09-09,1,0,22.6,117.1,10.11,612,8.85,11.28
2022-09-09,1,0.5,22.6,118.5,10.23,612,8.84,10.81
2022-09-09,1,0.75,22.6,118.6,10.24,612,8.84,11.74
2022-09-09,1,1,22.6,118.6,10.23,612,8.84,11.71
2022-09-09,1,1.25,22.6,118.5,10.24,612,8.84,11.47
2022-09-09,1,1.5,22.6,118.3,10.21,612,8.83,11.95
2022-09-09,1,1.75,22.6,118.2,10.2,612,8.83,11.79
2022-09-09,1,2,22.6,117.2,10.12,613,8.82,12.39
2022-09-09,1,2.25,22.5,113.5,9.82,614,8.79,13.57
2022-09-09,1,2.5,21.9,77,6.75,624,8.45,14.95
2022-09-09,1,2.75,21.6,66.8,5.86,634,8.22,15.83
2022-09-09,1,3,21.4,59.9,5.3,645,8.09,15.75
2022-09-09,1,3.25,21.3,39,3.47,676,7.72,14.91
2022-09-23,1,0,19.7,89.2,8.15,698,8.45,5.95
2022-09-23,1,0.5,19.6,88.7,8.1,698,8.45,8.01
2022-09-23,1,0.75,19.6,88.6,8.1,698,8.46,8.57
2022-09-23,1,1,19.6,88.3,8.07,698,8.46,8.89
2022-09-23,1,1.25,19.6,88.1,8.05,698,8.45,9.25
2022-09-23,1,1.5,19.6,87.6,8,698,8.44,9.24
2022-09-23,1,1.75,19.6,86.9,7.94,698,8.43,9.27
2022-09-23,1,2,19.6,87.1,7.97,698,8.44,9.35
2022-09-23,1,2.25,19.6,86.2,7.89,698,8.43,9.27
2022-09-23,1,2.5,19.6,86.2,7.89,698,8.42,9.2
2022-09-23,1,2.75,19.6,85.4,7.8,697,8.4,9.6
2022-09-23,1,3,19.6,83.6,7.64,697,8.39,9.18
2022-09-23,1,3.25,19.5,82.4,7.54,696,8.35,10.31
2022-10-19,1,0,7.4,94.2,11.31,748,8.28,3.94
2022-10-19,1,0.5,7.4,94.7,11.37,748,8.29,4.45
2022-10-19,1,0.75,7.4,94.8,11.38,748,8.3,8.7
2022-10-19,1,1,7.4,94.9,11.39,748,8.3,7.89
2022-10-19,1,1.25,7.4,94.9,11.4,748,8.3,9.98
2022-10-19,1,1.5,7.4,95,11.4,749,8.31,9.16
2022-10-19,1,1.75,7.4,95,11.4,748,8.31,9
2022-10-19,1,2,7.4,95.1,11.41,748,8.32,8.93
2022-10-19,1,2.25,7.3,95.1,11.42,748,8.32,8.7
2022-10-19,1,2.5,7.3,95.1,11.43,748,8.32,8.92
2022-10-19,1,2.75,7.4,93.8,11.27,747,8.36,8.91
2022-10-19,1,3,7.3,94.8,11.38,748,8.36,8.33
2022-10-19,1,3.25,7.3,95.1,11.43,747,8.36,8.88
2022-10-28,1,0,11.5,107.9,11.74,751,8.5,5.37
2022-10-28,1,0.5,11.4,108.4,11.81,751,8.5,4.23
2022-10-28,1,0.75,11.2,109,11.94,751,8.51,10.22
2022-10-28,1,1,11.1,109,11.96,751,8.51,11.19
2022-10-28,1,1.25,11,108.6,11.95,753,8.49,13.09
2022-10-28,1,1.5,10.9,107.8,11.88,752,8.5,16.01
2022-10-28,1,1.75,10.9,107,11.8,751,8.49,15.37
2022-10-28,1,2,10.8,105.7,11.67,752,8.48,12.9
2022-10-28,1,2.25,10.8,105.4,11.64,752,8.48,12.02
2022-10-28,1,2.5,10.8,104.8,11.58,752,8.47,10.89
2022-10-28,1,2.75,10.8,103.5,11.43,755,8.45,11.14
2022-10-28,1,3,10.8,102.8,11.36,755,8.45,13.19
2022-10-28,1,3.25,10.7,98,10.82,779,8.17,6.12
2022-09-09,2,0,22.6,83.2,7.18,626,8.51,3.33
2022-09-09,2,0.5,21.9,78.3,6.85,643,8.39,4.52
2022-09-23,2,0,19.2,111.3,10.27,693,8.59,5.38
2022-09-23,2,0.5,16.8,96.7,9.33,696,8.5,3.16
2022-10-19,2,0,6.4,104.5,12.84,775,8.42,4.84
2022-10-19,2,0.5,6.3,104.5,12.88,782,8.4,5.42
2022-10-28,2,0,10.8,111.7,12.37,758,8.51,5.2
2022-10-28,2,0.5,10,112.3,12.64,762,8.44,7.04
2022-09-09,3,0,22.8,87.7,6.76,645,8.15,5.64
2022-09-09,3,0.5,22.2,53,4.57,650,7.89,3.91
2022-09-09,3,0.75,22.1,43,3.72,653,7.79,5.51
2022-09-09,3,1,21.8,33.1,2.89,663,7.67,7.51
2022-09-23,3,0,18.6,97.6,9.1,728,8.18,10.28
2022-09-23,3,0.5,18.6,85,7.92,739,8.02,4.58
2022-09-23,3,0.75,18.5,80.6,7.52,755,7.91,5.99
2022-09-23,3,1,18,73.7,6.93,783,7.75,7.21
2022-09-23,3,1.25,16.4,70.6,6.9,842,7.59,2.45
2022-10-19,3,0,7.5,99,11.84,743,8.44,3.14
2022-10-19,3,0.5,7.5,99.6,11.91,743,8.45,3.71
2022-10-19,3,0.75,7.5,99.8,11.94,743,8.45,5.54
2022-10-19,3,1,7.4,100.1,11.99,743,8.46,6.44
2022-10-19,3,1.25,7.5,101.7,12.22,743,8.47,6.29
2022-10-28,3,0,10.4,114.2,12.73,780,8.41,11.6
2022-10-28,3,0.5,10,113.2,12.75,790,8.34,12.34
2022-10-28,3,0.75,9.7,114.2,12.97,795,8.34,8.36
2022-10-28,3,1,9.1,115.2,13.26,1022,7.83,4.37
2022-10-28,3,1.25,9.1,115.8,13.32,1013,7.84,20.03
2022-09-09,4,0,23.9,140.3,11.83,624,8.88,8.01
2022-09-09,4,0.5,22.8,80.2,6.86,640,8.23,6.55
2022-09-09,4,0.75,22.6,44.6,3.83,652,7.84,5.69
2022-09-23,4,0,19.1,86.7,8.01,682,8.3,7.93
2022-09-23,4,0.5,19.2,86.2,7.95,684,8.31,9.1
2022-09-23,4,0.75,18.4,60.5,5.66,696,7.95,7.46
2022-10-19,4,0,8.1,98.4,11.59,762,8.35,5.33
2022-10-19,4,0.5,7.4,97.7,11.76,764,8.36,6.16
2022-10-19,4,0.75,7.1,96.8,11.69,764,8.36,5.89
2022-10-28,4,0,10.8,106.7,11.78,758,8.43,4.22
2022-10-28,4,0.5,10.5,101,11.23,767,8.28,7.23
2022-10-28,4,0.75,10.1,89.7,10.08,778,8.05,3.61
2022-09-09,5,0,22.9,119.5,10.25,612,8.91,9.24
2022-09-09,5,0.5,22.9,119.8,10.27,612,8.9,9.91
2022-09-09,5,0.75,22.9,120,10.29,612,8.9,10.73
2022-09-09,5,1,22.9,120.1,10.3,612,8.9,10.81
2022-09-09,5,1.25,22.9,120.3,10.32,612,8.89,10.5
2022-09-09,5,1.5,22.9,120.2,10.32,612,8.89,10.74
2022-09-09,5,1.75,22.9,119.5,10.25,612,8.89,10.77
2022-09-09,5,2,22.7,105.1,9.06,614,8.79,11.72
2022-09-09,5,2.25,22.3,65.2,5.69,620,8.53,12.39
2022-09-09,5,2.5,22.2,47.2,4.08,626,8.32,13.92
2022-09-23,5,0,19.6,91.9,8.4,683,8.61,10.02
2022-09-23,5,0.5,19.6,91.7,8.38,683,8.61,7.45
2022-09-23,5,0.75,19.6,91.5,8.37,683,8.61,8.56
2022-09-23,5,1,19.6,91.6,8.37,683,8.61,8.28
2022-09-23,5,1.25,19.6,91.6,8.37,683,8.61,8.87
2022-09-23,5,1.5,19.6,91.6,8.37,683,8.61,8.69
2022-09-23,5,1.75,19.6,91.4,8.35,683,8.6,8.79
2022-09-23,5,2,19.6,91.4,8.35,683,8.6,8.59
2022-09-23,5,2.25,19.6,91.3,8.35,683,8.6,8.97
2022-09-23,5,2.5,19.6,90.7,8.3,683,8.59,9.09
2022-10-19,5,0,6.7,95.9,11.72,730,8.4,2.63
2022-10-19,5,0.5,6.7,96.5,11.78,730,8.4,1.96
2022-10-19,5,0.75,6.7,96.7,11.81,730,8.39,4.44
2022-10-19,5,1,6.7,96.8,11.82,730,8.38,4.56
2022-10-19,5,1.25,6.7,96.7,11.81,730,8.38,4.07
2022-10-19,5,1.5,6.7,96.7,11.81,730,8.39,4.61
2022-10-19,5,1.75,6.7,98.6,12.05,729,8.43,5.55
2022-10-19,5,2,6.7,98.3,12.01,729,8.41,16.35
2022-10-19,5,2.25,6.7,97.8,11.93,730,8.4,5.81
2022-10-19,5,2.5,6.7,97.4,11.9,729,8.41,5.39
2022-10-28,5,0,12,107.2,11.58,744,8.53,6.47
2022-10-28,5,0.5,11.6,108.3,11.77,745,8.54,12.13
2022-10-28,5,0.75,11.5,109.1,11.87,744,8.54,13.75
2022-10-28,5,1,11.2,110.4,12.12,743,8.56,11.45
2022-10-28,5,1.25,11.1,111.7,12.27,743,8.58,17.81
2022-10-28,5,1.5,11.1,112.5,12.38,742,8.59,16.68
2022-10-28,5,1.75,11.1,113.6,12.47,743,8.59,15.91
2022-10-28,5,2,10.9,108.6,11.97,744,8.54,32.02
2022-10-28,5,2.25,10.9,109.8,12.12,743,8.56,38.11
2022-10-28,5,2.5,10.9,106.7,11.77,744,8.52,13.32
2022-09-09,6,0,24,123.1,10.35,611,8.98,8.32
2022-09-09,6,0.5,23.7,124.8,10.56,612,9,9.95
2022-09-09,6,0.75,23.3,113.8,9.64,610,8.94,10.17
2022-09-09,6,1,23.2,102.9,8.78,610,8.9,9.6
2022-09-09,6,1.25,23.1,78.2,6.65,618,8.68,7.32
2022-09-23,6,0,18.7,93.8,8.72,692,8.67,4.53
2022-09-23,6,0.5,18.7,93.9,8.75,691,8.7,5.35
2022-09-23,6,0.75,18.7,93.6,8.72,691,8.7,5.17
2022-09-23,6,1,18.6,85,7.93,692,8.64,5.63
2022-09-23,6,1.25,18.6,79.8,7.43,693,8.6,6.2
2022-10-19,6,0,5.7,102.3,12.83,731,8.56,2.14
2022-10-19,6,0.5,5.4,103.4,13.02,733,8.58,5.07
2022-10-19,6,0.75,5.2,97.3,12.34,733,8.54,3.99
2022-10-19,6,1,5.2,96.1,12.2,733,8.52,3.71
2022-10-28,6,0,11.2,117.4,12.89,731,8.7,4.29
2022-10-28,6,0.5,10.7,112.8,12.5,733,8.66,4.83
2022-10-28,6,0.75,10.2,105.7,11.83,734,8.61,3.5
2022-10-28,6,1,9.9,98.7,11.13,734,8.56,2.1
2022-10-28,6,1.25,9.8,96.2,10.87,734,8.54,2.19
2022-09-09,7,0,24.1,135.3,11.36,611,8.96,5.47
2022-09-09,7,0.5,24,131.1,11.01,612,8.93,8
2022-09-09,7,0.75,23.6,120.8,10.22,615,8.85,7.5
2022-09-09,7,1,23.5,116.5,9.91,615,8.82,7.63
2022-09-09,7,1.25,23.3,106.8,9.11,618,8.75,9.67
2022-09-23,7,0,19,101.1,9.37,684,8.68,3.27
2022-09-23,7,0.5,19,101.3,9.38,685,8.7,3.5
2022-09-23,7,0.75,19,101.5,9.39,685,8.7,6.77
2022-09-23,7,1,19,102.4,9.49,685,8.72,7.11
2022-09-23,7,1.25,18.9,101.9,9.5,685,8.7,7.33
2022-10-19,7,0,6.5,98.8,12.13,737,8.42,3.83
2022-10-19,7,0.5,6.5,99.2,12.18,737,8.42,5.3
2022-10-19,7,0.75,6.4,99.4,12.21,737,8.42,6.65
2022-10-19,7,1,6.4,99.6,12.24,738,8.42,5.84
2022-10-19,7,1.25,6.4,99.5,12.24,738,8.42,7.57
2022-10-28,7,0,10.5,114.9,12.79,738,8.61,5.54
2022-10-28,7,0.5,10.4,113.3,12.66,739,8.58,15.01
2022-10-28,7,0.75,10.1,110.2,12.4,740,8.55,12.44
2022-10-28,7,1,10,108.8,12.25,740,8.55,13.96
2022-10-28,7,1.25,9.9,109,12.32,740,8.55,15.42
2022-09-09,8,0,23.3,114.8,9.75,614,8.91,9.88
2022-09-09,8,0.5,23.3,114.8,9.76,614,8.9,11.21
2022-09-09,8,0.75,23.2,106,9.05,616,8.85,11.08
2022-09-23,8,0,18.8,82.2,7.65,700,8.37,6.11
2022-09-23,8,0.5,18.7,81.3,7.57,701,8.35,6.46
2022-09-23,8,0.75,17.6,58,5.5,717,7.85,5.83
2022-10-19,8,0,7,94.3,11.42,739,8.36,3.53
2022-10-19,8,0.5,6.9,94.2,11.43,740,8.34,4.75
2022-10-19,8,0.75,7,93.2,11.3,748,8.18,5.49
2022-10-28,8,0,12.8,108.8,11.49,743,8.51,3.75
2022-10-28,8,0.5,12.4,108.1,11.5,744,8.5,7.96
2022-10-28,8,0.75,11.7,103.8,11.26,751,8.38,3.7
2023-01-23,1,0,1.7,159.3,20.77,825,8.45,11.03
2023-01-23,1,0.5,3.4,164.5,21.87,779,8.48,16.48
2023-01-23,1,0.75,3.9,171.7,22.53,812,8.45,21.11
2023-01-23,1,1,4,173.8,22.72,817,8.44,26.57
2023-01-23,1,1.25,4.2,173.9,22.64,820,8.39,43.77
2023-01-23,1,1.5,4.1,153.1,19.9,839,8.13,45.51
2023-01-23,1,1.75,4,130.1,16.93,856,7.82,45.19
2023-01-23,1,2,4,118.6,15.46,864,7.71,47.08
2023-01-23,1,2.25,4,108.3,14.15,872,7.52,33.24
2023-01-23,1,2.5,4,101.8,13.3,889,7.42,23.1
2023-01-23,1,2.75,4,95.6,12.5,946,7.52,8.34
2023-01-23,1,3,4,95.5,12.46,988,7.5,6.91
2023-01-23,1,3.25,4.3,67.5,8.61,1032,7.26,11.2
2023-02-10,1,0,1.5,153.7,21.64,776,8.61,-0.33
2023-02-10,1,0.5,3.6,149.4,19.77,805,8.41,0.57
2023-02-10,1,0.75,4.4,152.5,19.68,824,8.37,6.17
2023-02-10,1,1,4.7,150.3,19.3,848,8.39,10.8
2023-02-10,1,1.25,4.6,142.5,18.3,868,8.37,22.58
2023-02-10,1,1.5,4.5,126.3,16.18,879,8.18,29.91
2023-02-10,1,1.75,4.4,110.6,14.28,890,8.07,35.66
2023-02-10,1,2,4.4,95.1,12.25,901,7.91,35.43
2023-02-10,1,2.25,4.4,68,8.71,920,7.75,20.08
2023-02-10,1,2.5,4.5,40.6,5.22,956,7.64,8.71
2023-02-10,1,2.75,4.5,41.2,5.32,976,7.66,7.76
2023-02-10,1,3,4.2,43.3,5.63,1018,7.68,9.92
2023-02-10,1,3.25,3.6,79.5,10.58,1151,7.9,6.52
2023-02-17,1,0,1.4,135.5,18.83,689,9.15,14
2023-02-17,1,0.5,4.2,145.5,18.94,830,8.64,11.55
2023-02-17,1,0.75,4.8,148,18.95,855,8.53,18.12
2023-02-17,1,1,5.1,146.2,18.58,867,8.49,28.99
2023-02-17,1,1.25,5.2,141.5,17.93,877,8.38,34.95
2023-02-17,1,1.5,5.3,130.4,16.46,896,8.2,49.19
2023-02-17,1,1.75,5.2,110.6,13.99,911,8.03,56.43
2023-02-17,1,2,5.2,91,11.4,921,7.82,49.2
2023-02-17,1,2.25,4.9,57.7,11.25,945,7.64,33.74
2023-02-17,1,2.5,4.6,62.4,11.97,947,7.6,27.95
2023-02-17,1,2.75,4.1,100.4,13.01,1040,7.82,4.22
2023-02-17,1,3,3.9,94.1,12.31,1159,7.69,0.85
2023-02-17,1,3.25,3.9,103.3,13.52,1243,7.77,1.5
2023-02-17,1,3.5,4,98.9,12.92,1442,7.73,3.5
2023-01-23,2,0,0.6,156.7,22.48,905,8.21,14.01
2023-01-23,2,0.5,1.3,138.7,19.4,1007,7.38,13.22
2023-02-10,2,0,0.6,155.6,22.3,946,8.33,18
2023-02-10,2,0.5,1.2,159.8,22.56,994,8.16,24.25
2023-02-17,2,0,0.7,151.9,21.75,1007,8.17,7.34
2023-02-17,2,0.5,0.7,130.6,18.54,1358,7.88,13
2023-01-23,3,0,1.6,148.7,20.85,700,8.5,15.8
2023-01-23,3,0.5,2.4,161,21.97,797,8.49,24.32
2023-01-23,3,0.75,2.5,161.6,21.91,829,8.42,18.73
2023-01-23,3,1,2,107.2,14.55,1128,7.69,6.03
2023-02-10,3,0,1.6,137.5,19.04,838,8.21,1.46
2023-02-10,3,0.5,2.5,144.4,19.68,816,8.35,5.3
2023-02-10,3,0.75,2.8,144.6,19.56,853,8.29,10.5
2023-02-10,3,1,2.6,130.7,17.63,1027,7.88,3.8
2023-02-10,3,1.25,2.6,118.3,16.02,1271,7.78,4.11
2023-02-17,3,0,1.4,127.1,17.85,887,8.22,15.68
2023-02-17,3,0.5,1.6,128.3,17.86,930,8.16,18.52
2023-02-17,3,0.75,1.3,109.8,15.41,1075,7.84,17.16
2023-02-17,3,1,1,91.1,12.9,1292,7.59,13.45
2023-01-23,4,0,2.3,168.7,23.23,736,8.52,12.51
2023-01-23,4,0.5,3.5,178,23.58,774,8.43,24.44
2023-01-23,4,0.75,3.8,151.3,19.82,789,7.93,18.04
2023-02-10,4,0,2.3,153.3,21.09,800,8.16,-1.87
2023-02-10,4,0.5,3.4,160.6,21.31,788,8.01,5.18
2023-02-10,4,0.75,3.7,156.5,20.58,803,7.89,5.75
2023-02-17,4,0,2.3,142.1,19.45,777,7.7,17.99
2023-02-17,4,0.5,2.9,151.2,20.54,801,7.76,12.87
2023-02-17,4,0.75,4.1,141.2,18.25,826,7.54,4.36
2023-01-23,5,0,1.6,121.6,16.95,648,8.44,2.55
2023-01-23,5,0.5,3.4,132.7,17.65,755,8.43,11.17
2023-01-23,5,0.75,3.7,137,18.06,800,8.55,17.25
2023-01-23,5,1,4,136.9,17.89,809,8.62,19.49
2023-01-23,5,1.25,4.2,135.2,17.58,815,8.6,26.13
2023-01-23,5,1.5,4.2,130.4,16.93,833,8.51,31.59
2023-01-23,5,1.75,4.1,130.1,16.96,846,8.53,36.66
2023-01-23,5,2,3.9,126,16.46,870,8.42,40.24
2023-01-23,5,2.25,3.9,115.4,15.11,904,8.28,38.2
2023-01-23,5,2.5,4.1,86.4,11.18,940,7.96,34.77
2023-01-23,5,2.75,4.3,55.7,7.19,985,7.81,33.01
2023-02-10,5,0,1.9,147.4,20.35,783,8.55,0.31
2023-02-10,5,0.5,3.2,143.9,19.23,803,8.45,0.77
2023-02-10,5,0.75,4.3,119.4,15.43,833,8.23,6
2023-02-10,5,1,4.7,104.5,13.36,850,8.09,10.78
2023-02-10,5,1.25,4.9,88.6,11.29,873,7.96,14.23
2023-02-10,5,1.5,4.8,87.1,11.18,886,7.99,17.76
2023-02-10,5,1.75,4.6,90.3,11.62,893,8.03,23.25
2023-02-10,5,2,4.5,95.1,12.32,906,8.06,29.98
2023-02-10,5,2.25,4.4,87.1,11.2,923,7.97,27.5
2023-02-10,5,2.5,4.5,61.2,7.8,940,7.77,16.22
2023-02-10,5,2.75,4.8,44.7,5.71,991,7.69,9.93
2023-02-17,5,0,3.1,120,16.09,804,7.74,12.43
2023-02-17,5,0.5,3.1,118.3,15.73,817,7.82,14.91
2023-02-17,5,0.75,4.4,113.4,14.6,841,7.77,20.79
2023-02-17,5,1,5,105.1,13.41,866,7.76,26.97
2023-02-17,5,1.25,5.1,97.1,12.31,877,7.71,34.32
2023-02-17,5,1.5,5.2,88,11.06,894,7.62,45.69
2023-02-17,5,1.75,5.2,84.1,10.65,899,7.61,50.75
2023-02-17,5,2,5.1,79.1,10.04,914,7.55,53.21
2023-02-17,5,2.25,5,76.1,9.6,923,7.51,56.41
2023-02-17,5,2.5,4.6,67.8,8.65,954,7.46,51.73
2023-01-23,6,0,1.3,108.7,15.32,714,8.09,2
2023-01-23,6,0.5,3,115.4,15.5,782,8.1,5.82
2023-01-23,6,0.75,3.5,107.9,14.28,802,8.01,9.26
2023-01-23,6,1,4,90.2,11.73,816,7.73,8.21
2023-01-23,6,1.25,4.3,62.6,8.08,834,7.48,7.03
2023-02-10,6,0,1.6,61.5,8.59,722,8.2,2.44
2023-02-10,6,0.5,2.6,40,5.4,790,7.88,2.51
2023-02-10,6,0.75,3.6,19.7,2.55,829,7.72,1.81
2023-02-10,6,1,3.9,9.5,1.21,844,7.64,1.29
2023-02-10,6,1.25,4.2,5.4,0.67,851,7.6,1.11
2023-02-17,6,0,3.1,32.1,4.01,790,7.15,2.05
2023-02-17,6,0.5,4.3,26,3.38,828,7.16,1.73
2023-02-17,6,0.75,4.6,22.8,2.93,850,7.2,2.09
2023-02-17,6,1,4.7,21.1,2.71,854,7.26,2.15
2023-01-23,7,0,0.7,131.5,18.84,743,8.32,4.01
2023-01-23,7,0.5,2.5,145.1,19.78,785,8.45,7.49
2023-01-23,7,0.75,3,143.5,19.22,805,8.4,6.41
2023-01-23,7,1,3.3,139.5,18.51,809,8.34,6.55
2023-01-23,7,1.25,3.7,133.8,17.59,819,8.23,4.88
2023-01-23,7,1.5,3.8,118.8,15.63,834,8.03,5.66
2023-02-10,7,0,1.3,92.7,13.03,806,7.65,2.47
2023-02-10,7,0.5,2,95.4,13.15,806,7.76,3.66
2023-02-10,7,0.75,3.4,67,8.85,834,7.5,2.6
2023-02-10,7,1,3.7,54.1,7.1,837,7.47,1.25
2023-02-10,7,1.25,3.8,55.1,7.25,847,7.52,1.15
2023-02-17,7,0,1.7,71.1,9.88,779,7.48,8.26
2023-02-17,7,0.5,2.8,60.4,8.1,822,7.36,6.35
2023-02-17,7,0.75,3.8,57.6,7.55,834,7.29,9.5
2023-02-17,7,1,4.4,59.4,7.69,847,7.25,7.91
2023-02-17,7,1.25,4.5,61.1,7.89,857,7.25,4.98
2023-01-23,8,0,3,126.7,17.19,683,7.97,4.93
2023-01-23,8,0.5,3.9,132.8,17.42,746,8,6.01
2023-01-23,8,0.75,4.6,122.4,15.73,778,7.99,6.41
2023-02-10,8,0,1.6,143.7,20.04,803,8.75,0.62
2023-02-10,8,0.5,3.4,120.7,16.04,796,8.05,2.88
2023-02-10,8,0.75,4.8,77.1,9.85,825,7.65,4.65
2023-02-17,8,0,3.5,110.5,14.2,785,7.29,4.61
2023-02-17,8,0.5,4,106.6,13.95,783,7.33,4.17
2023-02-17,8,0.75,4.9,60.7,7.69,838,7.22,2.14
2023-05-04,1,0,11.8,107.5,11.61,872,8.5,0.65
2023-05-04,1,0.5,11.8,107.6,11.62,871,8.43,0.81
2023-05-04,1,0.75,11.8,107.5,11.62,873,8.38,1.2
2023-05-04,1,1,11.7,107.3,11.61,871,8.33,1.21
2023-05-04,1,1.25,11.7,107.3,11.6,872,8.3,2.05
2023-05-04,1,1.5,11.7,107.3,11.6,872,8.27,1.81
2023-05-04,1,1.75,11.5,104.7,11.46,875,8.24,3.31
2023-05-04,1,2,11,105.8,11.62,873,8.25,3.94
2023-05-04,1,2.25,10.8,105.1,11.63,874,8.26,4.22
2023-05-04,1,2.5,10.7,105.3,11.67,873,8.24,5
2023-05-04,1,2.75,10.5,103.8,11.54,873,8.21,5.81
2023-05-04,1,3,10.5,103.2,11.48,872,8.18,6.22
2023-05-04,1,3.25,10.5,102.8,11.48,872,8.16,6.32
2023-05-04,2,0,12.8,147.2,15.52,868,8.34,1.14
2023-05-04,2,0.5,12.7,148.3,15.5,867,8.3,3.28
2023-05-04,3,0,12.6,129.8,13.8,867,8.56,1.5
2023-05-04,3,0.5,12.5,131.1,13.92,868,8.39,1.57
2023-05-04,3,0.75,12.5,131.1,13.91,867,8.32,1.31
2023-05-04,3,1,12.4,130.9,14.05,868,8.31,3.15
2023-05-04,4,0,14.9,179.3,18.09,853,8.7,0.78
2023-05-04,4,0.5,14.9,180.7,18.22,853,8.5,0.7
2023-05-04,4,0.75,14.9,190.3,19.46,851,8.47,3.02
2023-05-04,5,0,11.8,107.3,11.6,879,8.18,0.95
2023-05-04,5,0.5,11.7,107.3,11.61,873,8.18,1.7
2023-05-04,5,0.75,11.7,107.3,11.61,873,8.17,1.98
2023-05-04,5,1,11.7,107.4,11.62,873,8.16,1.6
2023-05-04,5,1.25,11.7,107.3,11.62,874,8.15,2.5
2023-05-04,5,1.5,11.5,107.2,11.65,873,8.14,2.65
2023-05-04,5,1.75,11,107,11.78,874,8.16,4.25
2023-05-04,5,2,10.7,106.9,11.85,871,8.16,5.03
2023-05-04,5,2.25,10.6,106.9,11.87,872,8.13,5.18
2023-05-04,5,2.5,10.6,107.5,11.94,871,8.12,5.03
2023-05-04,6,0,12.1,107.6,11.55,872,8.37,1.04
2023-05-04,6,0.5,12.1,108.1,11.6,871,8.44,1.25
2023-05-04,6,0.75,12.1,108.2,11.61,871,8.07,1.73
2023-05-04,6,1,12.1,108.3,11.62,871,8.05,1.79
2023-05-04,6,1.25,12.1,108.5,11.63,871,8.02,1.52
2023-05-04,7,0,12.4,115.8,12.3,869,8.14,1.01
2023-05-04,7,0.5,12.4,116,12.38,870,8.96,1.39
2023-05-04,7,0.75,12.2,116,12.4,869,8.03,1.29
2023-05-04,7,1,12.2,116.1,12.33,870,8.02,1.8
2023-05-04,7,1.25,12.2,115.6,12.5,868,8.01,2.3
2023-05-04,8,0,12,123.1,13.29,873,8.51,1.49
2023-05-04,8,0.5,12,124.3,12.36,873,8.27,1.05
2023-05-04,8,0.75,12.1,131.1,13.8,872,8.2,3.56
2023-05-17,8,0,18.2,165.5,15.44,836,8.23,0.99
2023-05-17,8,0.5,18.3,171.6,16.11,831,8.26,1.14
2023-05-17,8,0.75,18.5,190.5,17.07,832,8.21,1.95
2023-05-17,7,0,18.2,130.6,12.3,855,8.14,1.6
2023-05-17,7,0.5,18.2,132.2,12.43,855,7.99,2.35
2023-05-17,7,0.75,18.2,133.1,12.53,855,7.96,2.37
2023-05-17,7,1,18,131.7,12.46,855,7.93,2.3
2023-05-17,7,1.25,17.4,124.6,11.91,858,7.88,2.04
2023-05-17,6,0,18.2,119.1,11.2,859,7.92,1.67
2023-05-17,6,0.5,18.3,119.2,11.22,860,7.88,2.31
2023-05-17,6,0.75,18,119.6,11.29,860,7.87,2.26
2023-05-17,6,1,17.9,120.7,11.43,859,7.87,3.11
2023-05-17,6,1.25,17.9,123.1,11.64,859,7.57,3.12
2023-05-17,5,0,17.5,107.8,10.29,866,7.97,1.95
2023-05-17,5,0.5,17.4,107.9,10.29,866,7.88,2.32
2023-05-17,5,0.75,17.4,107.9,10.31,866,7.83,2.06
2023-05-17,5,1,17.4,107.6,10.28,866,7.82,2.23
2023-05-17,5,1.25,17.4,107.6,10.28,866,7.8,2.73
2023-05-17,5,1.5,17.3,107.3,10.27,867,7.8,2.86
2023-05-17,5,1.75,17.2,107.6,10.33,867,7.8,3.26
2023-05-17,5,2,17.2,108.2,10.4,866,7.8,4.46
2023-05-17,5,2.25,17.1,109,10.58,866,7.81,5.4
2023-05-17,5,2.5,17.1,110.1,10.6,866,7.8,5.4
2023-05-17,4,0,15.5,110.1,10.95,864,8.74,2.32
2023-05-17,4,0.5,15.4,113.4,11.29,862,8.32,3.31
2023-05-17,4,0.75,15.5,122.6,12.2,858,8.28,10.58
2023-05-17,3,0,16.1,124.2,12.25,852,8.13,2.04
2023-05-17,3,0.5,16.1,126.8,12.48,850,8.02,3.12
2023-05-17,3,0.75,16,128.6,12.67,850,7.99,2.85
2023-05-17,3,1,16,132.6,13.07,850,8.01,3.41
2023-05-17,2,0,16.6,124.7,12.13,860,8.07,0.49
2023-05-17,2,0.5,16.6,127.6,12.42,860,8.06,1.6
2023-05-17,1,0,17.3,102.7,9.85,866,7.85,2.55
2023-05-17,1,0.5,17.2,103,9.88,866,7.82,2.66
2023-05-17,1,0.75,17.3,103,9.87,866,7.81,3.05
2023-05-17,1,1,17.2,103.2,9.9,866,7.81,3.18
2023-05-17,1,1.25,17.2,103.3,9.91,866,7.8,3.16
2023-05-17,1,1.5,17.3,103.3,9.9,866,7.79,3.23
2023-05-17,1,1.75,17.2,103.3,9.91,866,7.78,3.22
2023-05-17,1,2,17.2,103.2,9.91,866,7.78,3.01
2023-05-17,1,2.25,17.2,103.3,9.92,866,7.78,3.16
2023-05-17,1,2.5,17.2,103.4,9.93,866,7.77,3.29
2023-05-17,1,2.75,17.2,104.1,10,866,7.78,3.35
2023-05-17,1,3,17.1,106.4,10.24,865,7.8,3.86
2023-05-17,1,3.25,17,106.9,10.3,864,7.8,3.85
2023-03-23,1,0,4.6,109.3,14.09,861,8.16,4.11
2023-03-23,1,0.5,4.5,110.3,14.22,862,8.08,4.12
2023-03-23,1,0.75,4.5,110.6,14.27,852,8.05,4.21
2023-03-23,1,1,4.5,110.9,14.31,862,8.04,4.31
2023-03-23,1,1.25,4.5,111.2,14.84,862,8.03,5.11
2023-03-23,1,1.5,4.5,111.3,14.35,862,8.03,6.6
2023-03-23,1,1.75,4.5,111.3,14.36,862,8.04,6.81
2023-03-23,1,2,4.5,111.3,14.36,862,8.05,6.36
2023-03-23,1,2.25,4.5,111.4,14.37,862,8.06,7
2023-03-23,1,2.5,4.5,111.5,14.38,862,8.07,7.22
2023-03-23,1,2.75,4.5,111.6,14.39,862,8.07,6.97
2023-03-23,1,3,4.5,111.6,14.39,862,8.07,7.11
2023-03-23,1,3.25,4.5,111.5,14.38,862,8.07,8.41
2023-03-23,2,0,4.8,117.6,15.06,863,8.4,1.8
2023-03-23,2,0.5,4.8,119,15.23,861,8.37,3.34
2023-03-23,3,0,5.1,116,14.74,864,8.56,1.53
2023-03-23,3,0.5,5.1,117,14.85,864,8.55,2.36
2023-03-23,3,0.75,5.1,117.6,14.93,864,8.54,2.9
2023-03-23,3,1,5.1,118.8,15.21,863,8.56,4.92
2023-03-23,4,0,5.5,118.6,14.92,873,8.51,1.81
2023-03-23,4,0.5,5.5,122.6,15.32,873,8.5,2.56
2023-03-23,4,0.75,5.6,124.5,15.59,873,8.49,3.83
2023-03-23,5,0,5.1,112.2,14.26,867,8.53,2.02
2023-03-23,5,0.5,5.1,112.6,14.32,867,8.5,3.9
2023-03-23,5,0.75,5,112.7,14.35,867,8.49,3.98
2023-03-23,5,1,5.1,112.8,14.37,867,8.46,3.54
2023-03-23,5,1.25,5.1,113.1,14.37,867,8.46,3.3
2023-03-23,5,1.5,5.1,113,14.37,867,8.45,5.8
2023-03-23,5,1.75,5.1,113.1,14.38,867,8.45,6.33
2023-03-23,5,2,5,113.1,14.39,867,8.45,6.45
2023-03-23,5,2.25,5.1,113.2,14.39,867,8.44,6.76
2023-03-23,5,2.5,5,113.3,14.43,866,8.44,7.58
2023-03-23,6,0,5.8,117.2,14.63,848,8.47,1.8
2023-03-23,6,0.5,5.8,117.9,14.7,847,8.46,1.9
2023-03-23,6,0.75,5.8,118.3,14.75,847,8.45,2.5
2023-03-23,6,1,5.8,118.5,14.98,849,8.48,7.65
2023-03-23,6,1.25,5.7,119,15,849,8.47,7.6
2023-03-23,7,0,5.5,114.3,14.37,869,8.41,1.96
2023-03-23,7,0.5,5.5,114.8,14,869,8.4,1.8
2023-03-23,7,0.75,5.5,114.9,14.14,869,8.4,2.67
2023-03-23,7,1,5.5,115.5,14.52,869,8.41,3.42
2023-03-23,7,1.25,5.5,115.5,14.5,869,8.41,3.45
2023-03-23,8,0,6.7,128.3,15.62,923,8.44,1.55
2023-03-23,8,0.5,6.9,134,16.34,925,8.44,3.29
2023-03-23,8,0.75,6.8,143.6,17.68,921,8.53,2.8
2023-03-28,1,0,6.4,120,14.74,861,8.01,0.42
2023-03-28,1,0.5,6.4,120.4,14.79,861,7.93,0.42
2023-03-28,1,0.75,6.3,120.4,14.82,861,7.91,0.66
2023-03-28,1,1,6.4,120.6,14.83,861,7.92,0.59
2023-03-28,1,1.25,6.4,120.6,14.84,861,7.91,0.66
2023-03-28,1,1.5,6.4,120.6,14.85,860,7.91,0.89
2023-03-28,1,1.75,6.3,120.6,14.85,861,7.91,1.31
2023-03-28,1,2,6.3,120.6,14.87,860,7.91,2.31
2023-03-28,1,2.25,6.2,119.9,14.93,859,7.92,2.76
2023-03-28,1,2.5,5.8,120.9,15.04,859,7.92,3.55
2023-03-28,1,2.75,5.8,120.7,15.1,855,7.91,4.1
2023-03-28,1,3,5.7,121.1,15.15,858,7.92,5.29
2023-03-28,1,3.25,5.6,121.4,15.23,858,7.93,5.92
2023-03-28,2,0,7.7,136.9,16.36,934,8.57,0.15
2023-03-28,2,0.5,7.6,137.4,16.37,933,8.33,1.7
2023-03-28,3,0,7.5,131.6,15.79,863,8.24,0.6
2023-03-28,3,0.5,7.4,132.3,15.87,863,8.13,0.69
2023-03-28,3,0.75,7.3,131.9,15.9,865,8.1,1.12
2023-03-28,3,1,7,131.6,15.95,882,8.05,2.91
2023-03-28,4,0,7.8,141.4,16.76,848,8.12,1.02
2023-03-28,4,0.5,7.9,141.6,16.79,847,8.05,0.95
2023-03-28,4,0.75,7.8,141.1,16.75,847,8.04,1.28
2023-03-28,5,0,5.8,112.8,14.1,854,8.71,0.58
2023-03-28,5,0.5,5.7,114.3,14.26,852,8.61,0.6
2023-03-28,5,0.75,5.7,114.5,14.32,853,8.44,1.74
2023-03-28,5,1,5.7,114.5,14.33,854,8.37,2
2023-03-28,5,1.25,5.6,114.4,14.33,854,8.34,3.16
2023-03-28,5,1.5,5.6,114.3,14.33,853,8.3,2.18
2023-03-28,5,1.75,5.6,114.2,14.34,855,8.29,3.72
2023-03-28,5,2,5.5,114,14.33,855,8.27,4.49
2023-03-28,5,2.25,5.5,113.7,14.32,855,8.27,5.3
2023-03-28,5,2.5,5.4,114.2,14.4,855,8.26,4.07
2023-03-28,6,0,6.4,118.1,14.51,843,8.35,0.23
2023-03-28,6,0.5,6.6,119,14.52,843,8.21,0.41
2023-03-28,6,0.75,6.6,118.9,14.65,845,8.19,2.45
2023-03-28,6,1,6,124.9,15.55,841,8.2,4.55
2023-03-28,6,1.25,6,128.6,16.07,842,8.2,4.2
2023-03-28,7,0,6.7,118.6,14.35,835,8.69,0.3
2023-03-28,7,0.5,6.6,119,14.56,838,8.26,0.43
2023-03-28,7,0.75,6.6,119.1,14.56,834,8.2,0.35
2023-03-28,7,1,6.6,119.2,14.6,834,8.11,1.61
2023-03-28,7,1.25,6.5,119.3,14.64,834,8.1,1.52
2023-03-28,8,0,8.1,129,15.38,826,8.83,0.87
2023-03-28,8,0.5,7.3,132.7,15.97,828,8.59,1.14
2023-03-28,8,0.75,7.3,135.7,16.32,828,8.46,4.62
2023-04-07,1,0,7.4,101.8,12.22,824,8.28,1.98
2023-04-07,1,0.5,7.3,102,12.26,824,8.31,2.3
2023-04-07,1,0.75,7.3,102.1,12.27,824,8.33,2.43
2023-04-07,1,1,7.3,102.1,12.28,824,8.3,2.77
2023-04-07,1,1.25,7.3,102.3,12.29,825,8.28,3.6
2023-04-07,1,1.5,7.3,102.2,12.29,824,8.29,4.1
2023-04-07,1,1.75,7.3,102.2,12.29,824,8.28,5.51
2023-04-07,1,2,7.2,101.9,12.28,823,8.29,7.29
2023-04-07,1,2.25,7.1,101.6,12.27,824,8.3,8.56
2023-04-07,1,2.5,7.2,101.9,12.28,823,8.3,9.77
2023-04-07,1,2.75,7.1,101.7,12.28,823,8.1,10.19
2023-04-07,1,3,7,101.6,12.29,823,8.32,11.71
2023-04-07,1,3.25,7,101.7,12.3,823,8.3,11.9
2023-04-07,2,0,7.8,110.2,13.09,852,8.41,1.49
2023-04-07,2,0.5,7.7,111.8,13.29,852,8.44,2.66
2023-04-07,3,0,7.1,104.1,12.56,844,8.45,1.41
2023-04-07,3,0.5,7.1,104.7,12.64,845,8.4,1.53
2023-04-07,3,0.75,7.1,105.2,12.71,845,8.42,1.99
2023-04-07,3,1,7,106.4,12.87,849,8.39,2.35
2023-04-07,4,0,7.3,107.4,12.9,820,8.6,1.76
2023-04-07,4,0.5,7.4,108.5,13.03,820,8.59,2.21
2023-04-07,4,0.75,7.4,109.8,13.18,820,8.6,3.03
2023-04-07,5,0,7.4,103.3,12.89,828,8.35,1.66
2023-04-07,5,0.5,7.4,103.8,12.44,828,8.34,1.87
2023-04-07,5,0.75,7.4,103.8,12.46,828,8.33,2.1
2023-04-07,5,1,7.4,104.2,12.49,828,8.32,2.21
2023-04-07,5,1.25,7.4,103.9,12.46,828,8.31,2.92
2023-04-07,5,1.5,7.4,104.2,12.51,828,8.32,3.64
2023-04-07,5,1.75,7.3,104.7,12.58,829,8.32,4.41
2023-04-07,5,2,7.3,105,12.63,829,8.32,5.76
2023-04-07,5,2.25,7.2,105.5,12.74,831,8.34,7.38
2023-04-07,5,2.5,7.2,106.1,12.8,831,8.34,8.62
2023-04-07,6,0,8.2,99.5,11.68,832,8.3,1.3
2023-04-07,6,0.5,8.2,99.7,11.72,833,8.28,1.46
2023-04-07,6,0.75,8.1,100.2,11.83,835,8.26,2.47
2023-04-07,6,1,8.1,100.5,11.89,838,8.28,3.15
2023-04-07,6,1.25,7.8,104.9,12.46,842,8.31,6.07
2023-04-07,7,0,7.5,107.5,12.88,834,8.25,0.98
2023-04-07,7,0.5,7.4,108.4,12.99,834,8.33,1.09
2023-04-07,7,0.75,7.4,108.5,13,835,8.31,1.3
2023-04-07,7,1,7.4,108.6,13.01,835,8.3,2.83
2023-04-07,7,1.25,7.2,108.5,13.06,839,8.3,2.61
2023-04-07,8,0,9.1,126.3,14.55,815,8.55,1.23
2023-04-07,8,0.5,9.1,126.5,14.57,815,8.57,1.19
2023-04-07,8,0.75,9.1,127.6,14.69,815,8.54,2.21
2023-04-27,1,0,10.4,107.7,11.91,869,8.37,3.13
2023-04-27,1,0.5,10.4,107.9,12.12,871,8.32,3.07
2023-04-27,1,0.75,10.3,108.5,12.13,871,8.3,3.26
2023-04-27,1,1,10.3,108.8,12.15,871,8.29,3.84
2023-04-27,1,1.25,10.3,108.6,12.14,870,8.29,3.96
2023-04-27,1,1.5,10.3,108.6,12.14,871,8.28,5.8
2023-04-27,1,1.75,10.3,108.3,12.11,872,8.28,6.78
2023-04-27,1,2,10.3,109.3,12.2,872,8.28,9.08
2023-04-27,1,2.25,10.3,109.4,12.23,872,8.28,12.29
2023-04-27,1,2.5,10.3,109.3,12.21,871,8.28,13.15
2023-04-27,1,2.75,10.2,108.7,12.16,870,8.28,13.6
2023-04-27,1,3,10.2,107.7,12.12,867,8.28,18.2
2023-04-27,1,3.25,9.9,107.3,12.12,867,8.28,17.65
2023-04-27,2,0,10.7,115.2,12.77,870,8.38,2.75
2023-04-27,2,0.5,10.7,116.8,12.93,870,8.34,2.68
2023-04-27,3,0,10.8,134.1,14.85,888,8.45,2.28
2023-04-27,3,0.5,10.8,135.3,14.95,888,8.43,2.6
2023-04-27,3,0.75,10.8,136.8,15.13,888,8.41,3.3
2023-04-27,3,1,10.8,137.1,15.15,887,8.4,4.66
2023-04-27,4,0,10.2,151.5,16.99,972,8.34,1.5
2023-04-27,4,0.5,10.2,153.2,17.15,970,8.27,1.5
2023-04-27,4,0.75,10.6,156.1,17.33,928,8.37,2.44
2023-04-27,5,0,10.2,104.3,11.7,866,8.35,2.67
2023-04-27,5,0.5,10.2,104.5,11.72,866,8.31,2.7
2023-04-27,5,0.75,10.2,104.7,11.74,866,8.3,3.02
2023-04-27,5,1,10.2,104.7,11.75,866,8.3,3.24
2023-04-27,5,1.25,10.1,104.8,11.75,866,8.3,4.29
2023-04-27,5,1.5,10.2,104.8,11.76,866,8.31,5.3
2023-04-27,5,1.75,10.1,104.9,11.77,866,8.31,7.08
2023-04-27,5,2,10.2,104.9,11.77,866,8.31,10.21
2023-04-27,5,2.25,10.1,105.3,11.82,866,8.31,11.7
2023-04-27,5,2.5,10.1,105.2,11.83,866,8.31,11.3
2023-04-27,6,0,10.7,114.5,12.72,865,8.52,0.97
2023-04-27,6,0.5,10.5,114.8,12.77,865,8.38,1.02
2023-04-27,6,0.75,10.5,115,12.79,864,8.36,1.13
2023-04-27,6,1,10.5,115.2,12.82,864,8.34,1.63
2023-04-27,6,1.25,10.5,116.1,12.91,864,8.34,2.66
2023-04-27,7,0,10.8,116.3,12.94,866,8.43,1.56
2023-04-27,7,0.5,10.7,108.4,12.02,866,8.34,4.59
2023-04-27,7,0.75,10.7,108.6,12.04,866,8.33,5.7
2023-04-27,7,1,10.6,109.9,12.2,866,8.32,7.19
2023-04-27,7,1.25,10.5,111.9,12.42,865,8.33,7.86
2023-04-27,8,0,11.7,122.3,13.24,864,8.54,1.5
2023-04-27,8,0.5,11.7,122.5,13.24,863,8.48,1.51
2023-04-27,8,0.75,11.7,122.4,13.23,863,8.45,1.51
