Sample.ID,HS.mCO2.after,HS.mCO2.before,Volume.gas,Volume.water,Temp.insitu,Temp.equil,Bar.pressure,Alkalinity.measured,Constants,Salinity
2022-06-06_1_1,539.17723,369.52992,35,105,20.8,20.8,97.48,3862.388413,2,0
2022-06-06_1_2,512.91101,369.52992,35,105,20.8,20.8,97.48,3862.388413,2,0
2022-06-06_1_3,495.34327,369.52992,35,105,20.8,20.8,97.48,3862.388413,2,0
2022-06-06_2_1,245.53007,369.52992,35,105,21.1,21.1,97.48,3570.983961,2,0
2022-06-06_2_2,245.41532,369.52992,35,105,21.1,21.1,97.48,3570.983961,2,0
2022-06-06_2_3,243.11813,369.52992,35,105,21.1,21.1,97.48,3570.983961,2,0
2022-06-06_3_1,1126.33002,369.52992,35,105,20.8,20.8,97.49,4079.953694,2,0
2022-06-06_3_2,1100.45511,369.52992,35,105,20.8,20.8,97.49,4079.953694,2,0
2022-06-06_3_3,1146.31883,369.52992,35,105,20.8,20.8,97.49,4079.953694,2,0
2022-06-06_4_1,329.57926,369.52992,35,105,21.7,21.7,97.51,3961.371001,2,0
2022-06-06_4_2,332.71911,369.52992,35,105,21.7,21.7,97.51,3961.371001,2,0
2022-06-06_4_3,317.3828,369.52992,35,105,21.7,21.7,97.51,3961.371001,2,0
2022-06-06_5_1,628.04669,369.52992,35,105,21.1,21.1,97.48,3807.196672,2,0
2022-06-06_5_2,624.164,369.52992,35,105,21.1,21.1,97.48,3807.196672,2,0
2022-06-06_5_3,642.02675,369.52992,35,105,21.1,21.1,97.48,3807.196672,2,0
2022-06-06_6_1,526.11229,369.52992,35,105,21.1,21.1,97.48,3427.53018,2,0
2022-06-06_6_2,521.62892,369.52992,35,105,21.1,21.1,97.48,3427.53018,2,0
2022-06-06_6_3,523.05479,369.52992,35,105,21.1,21.1,97.48,3427.53018,2,0
2022-06-06_7_1,425.47366,369.52992,35,105,20.1,20.1,97.49,3724.170785,2,0
2022-06-06_7_2,405.90884,369.52992,35,105,20.1,20.1,97.49,3724.170785,2,0
2022-06-06_7_3,404.91887,369.52992,35,105,20.1,20.1,97.49,3724.170785,2,0
2022-06-06_8_1,452.15296,369.52992,35,105,21.3,21.3,97.48,3570.760015,2,0
2022-06-06_8_2,465.02987,369.52992,35,105,21.3,21.3,97.48,3570.760015,2,0
2022-06-06_8_3,454.37081,369.52992,35,105,21.3,21.3,97.48,3570.760015,2,0
2022-06-13_1_1,422.74742,358.78301,35,105,20.7,20.7,98.08,3875.297272,2,0
2022-06-13_1_2,419.61388,358.78301,35,105,20.7,20.7,98.08,3875.297272,2,0
2022-06-13_1_3,419.27796,358.78301,35,105,20.7,20.7,98.08,3875.297272,2,0
2022-06-13_2_1,160.4069,358.78301,35,105,20.4,20.4,98.07,3413.184722,2,0
2022-06-13_2_2,147.1815,358.78301,35,105,20.4,20.4,98.07,3413.184722,2,0
2022-06-13_2_3,167.52677,358.78301,35,105,20.4,20.4,98.07,3413.184722,2,0
2022-06-13_3_1,510.70856,358.78301,35,105,20.5,20.5,98.07,3964.70693,2,0
2022-06-13_3_2,423.21591,358.78301,35,105,20.5,20.5,98.07,3964.70693,2,0
2022-06-13_3_3,441.23388,358.78301,35,105,20.5,20.5,98.07,3964.70693,2,0
2022-06-13_4_1,301.09865,358.78301,35,105,20.5,20.5,98.07,3825.144373,2,0
2022-06-13_4_2,301.57357,358.78301,35,105,20.5,20.5,98.07,3825.144373,2,0
2022-06-13_4_3,302.30091,358.78301,35,105,20.5,20.5,98.07,3825.144373,2,0
2022-06-13_5_1,447.40547,358.78301,35,105,21.2,21.2,98.06,3776.956712,2,0
2022-06-13_5_2,451.786,358.78301,35,105,21.2,21.2,98.06,3776.956712,2,0
2022-06-13_5_3,453.40569,358.78301,35,105,21.2,21.2,98.06,3776.956712,2,0
2022-06-13_6_1,168.22402,358.78301,35,105,21.4,21.4,98.2,3170.635879,2,0
2022-06-13_6_2,164.09608,358.78301,35,105,21.4,21.4,98.2,3170.635879,2,0
2022-06-13_6_3,188.07263,358.78301,35,105,21.4,21.4,98.2,3170.635879,2,0
2022-06-13_7_1,498.08539,358.78301,35,105,21.7,21.7,98.1,3753.807869,2,0
2022-06-13_7_2,480.1086,358.78301,35,105,21.7,21.7,98.1,3753.807869,2,0
2022-06-13_7_3,485.33882,358.78301,35,105,21.7,21.7,98.1,3753.807869,2,0
2022-06-13_8_1,335.43768,358.78301,35,105,21.6,21.6,98.17,3553.363077,2,0
2022-06-13_8_2,352.13072,358.78301,35,105,21.6,21.6,98.17,3553.363077,2,0
2022-06-13_8_3,352.32506,358.78301,35,105,21.6,21.6,98.17,3553.363077,2,0
2022-06-20_1_1,494.78696,391.808395,35,105,24.8,24.8,98.89,3485.679709,2,0
2022-06-20_1_2,493.00584,391.808395,35,105,24.8,24.8,98.89,3485.679709,2,0
2022-06-20_1_3,493.9188,391.808395,35,105,24.8,24.8,98.89,3485.679709,2,0
2022-06-20_2_1,77.39557,391.808395,35,105,24.5,24.5,98.83,3382.528912,2,0
2022-06-20_2_2,116.57363,391.808395,35,105,24.5,24.5,98.83,3382.528912,2,0
2022-06-20_2_3,118.5748,391.808395,35,105,24.5,24.5,98.83,3382.528912,2,0
2022-06-20_3_1,850.3954,391.808395,35,105,24.2,24.2,98.83,3705.829664,2,0
2022-06-20_3_2,807.03393,391.808395,35,105,24.2,24.2,98.83,3705.829664,2,0
2022-06-20_3_3,630.25115,391.808395,35,105,24.2,24.2,98.83,3705.829664,2,0
2022-06-20_4_1,238.23026,391.808395,35,105,25.2,25.2,98.89,3249.455176,2,0
2022-06-20_4_2,263.92877,391.808395,35,105,25.2,25.2,98.89,3249.455176,2,0
2022-06-20_4_3,215.89911,391.808395,35,105,25.2,25.2,98.89,3249.455176,2,0
2022-06-20_5_1,417.91933,391.808395,35,105,24.1,24.1,98.87,3452.806977,2,0
2022-06-20_5_2,421.46909,391.808395,35,105,24.1,24.1,98.87,3452.806977,2,0
2022-06-20_5_3,427.35514,391.808395,35,105,24.1,24.1,98.87,3452.806977,2,0
2022-06-20_6_1,139.21007,391.808395,35,105,23.2,23.2,98.88,3023.965959,2,0
2022-06-20_6_2,145.94503,391.808395,35,105,23.2,23.2,98.88,3023.965959,2,0
2022-06-20_6_3,140.50385,391.808395,35,105,23.2,23.2,98.88,3023.965959,2,0
2022-06-20_7_1,172.50037,391.808395,35,105,23.4,23.4,98.87,2970.739209,2,0
2022-06-20_7_2,183.40958,391.808395,35,105,23.4,23.4,98.87,2970.739209,2,0
2022-06-20_7_3,346.26658,391.808395,35,105,23.4,23.4,98.87,2970.739209,2,0
2022-06-20_8_1,207.65853,391.808395,35,105,23.5,23.5,98.99,3054.26524,2,0
2022-06-20_8_2,205.51888,391.808395,35,105,23.5,23.5,98.99,3054.26524,2,0
2022-06-20_8_3,198.59095,391.808395,35,105,23.5,23.5,98.99,3054.26524,2,0
2022-06-28_1_1,407.1984,353.900965,35,105,26.9,26.9,99.11,3343.653207,2,0
2022-06-28_1_2,409.94446,353.900965,35,105,26.9,26.9,99.11,3343.653207,2,0
2022-06-28_1_3,404.62365,353.900965,35,105,26.9,26.9,99.11,3343.653207,2,0
2022-06-28_2_1,315.62675,353.900965,35,105,27.3,27.3,99.17,3455.461264,2,0
2022-06-28_2_2,279.8717,353.900965,35,105,27.3,27.3,99.17,3455.461264,2,0
2022-06-28_2_3,314.13448,353.900965,35,105,27.3,27.3,99.17,3455.461264,2,0
2022-06-28_3_1,450.36804,353.900965,35,105,27.1,27.1,99.14,3607.2492,2,0
2022-06-28_3_2,487.82029,353.900965,35,105,27.1,27.1,99.14,3607.2492,2,0
2022-06-28_3_3,560.63965,353.900965,35,105,27.1,27.1,99.14,3607.2492,2,0
2022-06-28_4_1,309.18577,353.900965,35,105,27.9,27.9,99.18,3463.283773,2,0
2022-06-28_4_2,343.64568,353.900965,35,105,27.9,27.9,99.18,3463.283773,2,0
2022-06-28_4_3,329.04577,353.900965,35,105,27.9,27.9,99.18,3463.283773,2,0
2022-06-28_5_1,247.02231,353.900965,35,105,24.9,24.9,99.2,3121.266704,2,0
2022-06-28_5_2,237.56007,353.900965,35,105,24.9,24.9,99.2,3121.266704,2,0
2022-06-28_5_3,240.18005,353.900965,35,105,24.9,24.9,99.2,3121.266704,2,0
2022-06-28_6_1,19.84225,353.900965,35,105,25.1,25.1,99.21,2637.564355,2,0
2022-06-28_6_2,11.23405,353.900965,35,105,25.1,25.1,99.21,2637.564355,2,0
2022-06-28_6_3,14.76035,353.900965,35,105,25.1,25.1,99.21,2637.564355,2,0
2022-06-28_7_1,188.53139,353.900965,35,105,25.4,25.4,99.2,3159.330146,2,0
2022-06-28_7_2,189.09832,353.900965,35,105,25.4,25.4,99.2,3159.330146,2,0
2022-06-28_7_3,182.91399,353.900965,35,105,25.4,25.4,99.2,3159.330146,2,0
2022-06-28_8_1,172.27458,353.900965,35,105,25,25,99.22,2994.200035,2,0
2022-06-28_8_2,166.49922,353.900965,35,105,25,25,99.22,2994.200035,2,0
2022-06-28_8_3,164.97097,353.900965,35,105,25,25,99.22,2994.200035,2,0
2022-07-13_1_1,217.02224,365.246495,35,105,25.5,25.5,98.69,3079.57642,2,0
2022-07-13_1_2,257.96506,365.246495,35,105,25.5,25.5,98.69,3079.57642,2,0
2022-07-13_1_3,207.65964,365.246495,35,105,25.5,25.5,98.69,3079.57642,2,0
2022-07-13_2_1,240.92126,365.246495,35,105,25,25,98.66,3235.523932,2,0
2022-07-13_2_2,308.92581,365.246495,35,105,25,25,98.66,3235.523932,2,0
2022-07-13_2_3,365.92851,365.246495,35,105,25,25,98.66,3235.523932,2,0
2022-07-13_3_1,671.65612,365.246495,35,105,24.9,24.9,98.65,4023.050299,2,0
2022-07-13_3_2,587.44574,365.246495,35,105,24.9,24.9,98.65,4023.050299,2,0
2022-07-13_3_3,644.92871,365.246495,35,105,24.9,24.9,98.65,4023.050299,2,0
2022-07-13_4_1,475.69321,365.246495,35,105,24.4,24.4,98.62,3821.292557,2,0
2022-07-13_4_2,620.595295,365.246495,35,105,24.4,24.4,98.62,3821.292557,2,0
2022-07-13_4_3,765.49738,365.246495,35,105,24.4,24.4,98.62,3821.292557,2,0
2022-07-13_5_1,225.66481,365.246495,35,105,25.7,25.7,98.72,2979.044847,2,0
2022-07-13_5_2,176.98991,365.246495,35,105,25.7,25.7,98.72,2979.044847,2,0
2022-07-13_5_3,175.144,365.246495,35,105,25.7,25.7,98.72,2979.044847,2,0
2022-07-13_6_1,146.03597,365.246495,35,105,26.6,26.6,98.74,2308.091025,2,0
2022-07-13_6_2,146.03597,365.246495,35,105,26.6,26.6,98.74,2308.091025,2,0
2022-07-13_6_3,146.03597,365.246495,35,105,26.6,26.6,98.74,2308.091025,2,0
2022-07-13_7_1,193.62701,365.246495,35,105,26.3,26.3,98.73,2669.340919,2,0
2022-07-13_7_2,193.62701,365.246495,35,105,26.3,26.3,98.73,2669.340919,2,0
2022-07-13_7_3,193.62701,365.246495,35,105,26.3,26.3,98.73,2669.340919,2,0
2022-07-13_8_1,145.28233,365.246495,35,105,26.9,26.9,98.74,2691.221386,2,0
2022-07-13_8_2,155.07164,365.246495,35,105,26.9,26.9,98.74,2691.221386,2,0
2022-07-13_8_3,151.63424,365.246495,35,105,26.9,26.9,98.74,2691.221386,2,0
2022-07-21_1_1,219.03679,361.8593,35,105,26.2,26.2,97.91,2899.137751,2,0
2022-07-21_1_2,222.1611,361.8593,35,105,26.2,26.2,97.91,2899.137751,2,0
2022-07-21_1_3,232.27036,361.8593,35,105,26.2,26.2,97.91,2899.137751,2,0
2022-07-21_2_1,394.91956,361.8593,35,105,25.9,25.9,97.91,3636.126864,2,0
2022-07-21_2_2,435.3971,361.8593,35,105,25.9,25.9,97.91,3636.126864,2,0
2022-07-21_2_3,397.29778,361.8593,35,105,25.9,25.9,97.91,3636.126864,2,0
2022-07-21_3_1,959.54795,361.8593,35,105,26,26,97.93,3934.776288,2,0
2022-07-21_3_2,861.80859,361.8593,35,105,26,26,97.93,3934.776288,2,0
2022-07-21_3_3,1034.80178,361.8593,35,105,26,26,97.93,3934.776288,2,0
2022-07-21_4_1,193.33378,361.8593,35,105,26.4,26.4,97.93,3141.84277,2,0
2022-07-21_4_2,200.5315,361.8593,35,105,26.4,26.4,97.93,3141.84277,2,0
2022-07-21_4_3,197.72717,361.8593,35,105,26.4,26.4,97.93,3141.84277,2,0
2022-07-21_5_1,148.36959,361.8593,35,105,25.9,25.9,97.9,2806.009399,2,0
2022-07-21_5_2,145.06996,361.8593,35,105,25.9,25.9,97.9,2806.009399,2,0
2022-07-21_5_3,146.9658,361.8593,35,105,25.9,25.9,97.9,2806.009399,2,0
2022-07-21_6_1,19.97915,361.8593,35,105,25.4,25.4,97.9,2265.43037,2,0
2022-07-21_6_2,20.86685,361.8593,35,105,25.4,25.4,97.9,2265.43037,2,0
2022-07-21_6_3,11.77597,361.8593,35,105,25.4,25.4,97.9,2265.43037,2,0
2022-07-21_7_1,145.83809,361.8593,35,105,25.8,25.8,97.92,2729.132222,2,0
2022-07-21_7_2,97.28337,361.8593,35,105,25.8,25.8,97.92,2729.132222,2,0
2022-07-21_7_3,112.66014,361.8593,35,105,25.8,25.8,97.92,2729.132222,2,0
2022-07-21_8_1,155.28233,361.8593,35,105,25.3,25.3,97.85,2786.043922,2,0
2022-07-21_8_2,165.07164,361.8593,35,105,25.3,25.3,97.85,2786.043922,2,0
2022-07-21_8_3,161.63424,361.8593,35,105,25.3,25.3,97.85,2786.043922,2,0
2022-07-28_1_1,209.42193,361.530665,35,105,25.6,25.6,98.39,2994.720648,2,0
2022-07-28_1_2,230.6435,361.530665,35,105,25.6,25.6,98.39,2994.720648,2,0
2022-07-28_1_3,199.72121,361.530665,35,105,25.6,25.6,98.39,2994.720648,2,0
2022-07-28_2_1,245.58191,361.530665,35,105,25.3,25.3,98.38,3107.072326,2,0
2022-07-28_2_2,218.93252,361.530665,35,105,25.3,25.3,98.38,3107.072326,2,0
2022-07-28_2_3,231.48914,361.530665,35,105,25.3,25.3,98.38,3107.072326,2,0
2022-07-28_3_1,475.55755,361.530665,35,105,25.4,25.4,98.37,3974.150209,2,0
2022-07-28_3_2,395.01419,361.530665,35,105,25.4,25.4,98.37,3974.150209,2,0
2022-07-28_3_3,443.71667,361.530665,35,105,25.4,25.4,98.37,3974.150209,2,0
2022-07-28_4_1,208.0499,361.530665,35,105,26.5,26.5,98.4,3079.334383,2,0
2022-07-28_4_2,168.33619,361.530665,35,105,26.5,26.5,98.4,3079.334383,2,0
2022-07-28_4_3,182.65423,361.530665,35,105,26.5,26.5,98.4,3079.334383,2,0
2022-07-28_5_1,148.36959,361.530665,35,105,25.9,25.9,98.31,2739.631157,2,0
2022-07-28_5_2,126.54373,361.530665,35,105,25.9,25.9,98.31,2739.631157,2,0
2022-07-28_5_3,130.4531,361.530665,35,105,25.9,25.9,98.31,2739.631157,2,0
2022-07-28_6_1,7.35139,361.530665,35,105,25.7,25.7,98.31,2348.148282,2,0
2022-07-28_6_2,7.35139,361.530665,35,105,25.7,25.7,98.31,2348.148282,2,0
2022-07-28_6_3,7.35139,361.530665,35,105,25.7,25.7,98.31,2348.148282,2,0
2022-07-28_7_1,145.83809,361.530665,35,105,26.1,26.1,98.34,2632.619377,2,0
2022-07-28_7_2,97.28337,361.530665,35,105,26.1,26.1,98.34,2632.619377,2,0
2022-07-28_7_3,112.66014,361.530665,35,105,26.1,26.1,98.34,2632.619377,2,0
2022-07-28_8_1,155.98631,361.530665,35,105,25.5,25.5,98.3,2756.080754,2,0
2022-07-28_8_2,123.58086,361.530665,35,105,25.5,25.5,98.3,2756.080754,2,0
2022-07-28_8_3,131.83027,361.530665,35,105,25.5,25.5,98.3,2756.080754,2,0
2022-08-04_1_1,183.47054,361.44697,35,105,25.7,25.7,98.67,2999.51834,2,0
2022-08-04_1_2,166.72796,361.44697,35,105,25.7,25.7,98.67,2999.51834,2,0
2022-08-04_1_3,168.67307,361.44697,35,105,25.7,25.7,98.67,2999.51834,2,0
2022-08-04_2_1,171.9551,361.44697,35,105,25.1,25.1,98.67,3108.770067,2,0
2022-08-04_2_2,209.15883,361.44697,35,105,25.1,25.1,98.67,3108.770067,2,0
2022-08-04_2_3,191.23078,361.44697,35,105,25.1,25.1,98.67,3108.770067,2,0
2022-08-04_3_1,513.86227,361.44697,35,105,24.6,24.6,98.67,3969.109714,2,0
2022-08-04_3_2,628.05844,361.44697,35,105,24.6,24.6,98.67,3969.109714,2,0
2022-08-04_3_3,539.78015,361.44697,35,105,24.6,24.6,98.67,3969.109714,2,0
2022-08-04_4_1,259.34227,361.44697,35,105,25,25,98.67,2996.619714,2,0
2022-08-04_4_2,336.09329,361.44697,35,105,25,25,98.67,2996.619714,2,0
2022-08-04_4_3,263.33237,361.44697,35,105,25,25,98.67,2996.619714,2,0
2022-08-04_5_1,153.75306,361.44697,35,105,25.8,25.8,98.68,2692.56042,2,0
2022-08-04_5_2,126.54373,361.44697,35,105,25.8,25.8,98.68,2692.56042,2,0
2022-08-04_5_3,161.38665,361.44697,35,105,25.8,25.8,98.68,2692.56042,2,0
2022-08-04_6_1,110.85065,361.44697,35,105,26,26,98.71,2443.175618,2,0
2022-08-04_6_2,108.85065,361.44697,35,105,26,26,98.71,2443.175618,2,0
2022-08-04_6_3,110.12331,361.44697,35,105,26,26,98.71,2443.175618,2,0
2022-08-04_7_1,88.28468,361.44697,35,105,26.5,26.5,98.71,2590.89607,2,0
2022-08-04_7_2,88.28468,361.44697,35,105,26.5,26.5,98.71,2590.89607,2,0
2022-08-04_7_3,88.28468,361.44697,35,105,26.5,26.5,98.71,2590.89607,2,0
2022-08-04_8_1,155.01581,361.44697,35,105,26.6,26.6,98.71,2782.543886,2,0
2022-08-04_8_2,145.42708,361.44697,35,105,26.6,26.6,98.71,2782.543886,2,0
2022-08-04_8_3,159.54063,361.44697,35,105,26.6,26.6,98.71,2782.543886,2,0
2022-08-12_1_1,156.38589,346.66145,35,105,25.4,25.4,99.43,2998.819102,2,0
2022-08-12_1_2,157.21064,346.66145,35,105,25.4,25.4,99.43,2998.819102,2,0
2022-08-12_1_3,155.50589,346.66145,35,105,25.4,25.4,99.43,2998.819102,2,0
2022-08-12_2_1,121.38383,346.66145,35,105,24.4,24.4,99.43,3132.63589,2,0
2022-08-12_2_2,118.50831,346.66145,35,105,24.4,24.4,99.43,3132.63589,2,0
2022-08-12_2_3,105.05887,346.66145,35,105,24.4,24.4,99.43,3132.63589,2,0
2022-08-12_3_1,194.58357,346.66145,35,105,24.4,24.4,99.4,4039.340221,2,0
2022-08-12_3_2,195.42569,346.66145,35,105,24.4,24.4,99.4,4039.340221,2,0
2022-08-12_3_3,196.22846,346.66145,35,105,24.4,24.4,99.4,4039.340221,2,0
2022-08-12_4_1,112.14822,346.66145,35,105,24.7,24.7,99.37,3061.939224,2,0
2022-08-12_4_2,101.62772,346.66145,35,105,24.7,24.7,99.37,3061.939224,2,0
2022-08-12_4_3,103.99801,346.66145,35,105,24.7,24.7,99.37,3061.939224,2,0
2022-08-12_5_1,165.68601,346.66145,35,105,25.1,25.1,99.44,2675.73136,2,0
2022-08-12_5_2,160.21437,346.66145,35,105,25.1,25.1,99.44,2675.73136,2,0
2022-08-12_5_3,160.15582,346.66145,35,105,25.1,25.1,99.44,2675.73136,2,0
2022-08-12_6_1,113.85065,346.66145,35,105,25,25,99.48,2088.812418,2,0
2022-08-12_6_2,113.560655,346.66145,35,105,25,25,99.48,2088.812418,2,0
2022-08-12_6_3,113.27066,346.66145,35,105,25,25,99.48,2088.812418,2,0
2022-08-12_7_1,73.84372,346.66145,35,105,25.3,25.3,99.44,2713.070379,2,0
2022-08-12_7_2,49.04018,346.66145,35,105,25.3,25.3,99.44,2713.070379,2,0
2022-08-12_7_3,52.54461,346.66145,35,105,25.3,25.3,99.44,2713.070379,2,0
2022-08-12_8_1,144.92955,346.66145,35,105,24.3,24.3,99.48,2742.503648,2,0
2022-08-12_8_2,141.48642,346.66145,35,105,24.3,24.3,99.48,2742.503648,2,0
2022-08-12_8_3,139.26211,346.66145,35,105,24.3,24.3,99.48,2742.503648,2,0
2022-08-18_1_1,131.6781,326.409745,35,105,24.2,24.2,98.72,3002.991193,2,0
2022-08-18_1_2,141.31809,326.409745,35,105,24.2,24.2,98.72,3002.991193,2,0
2022-08-18_1_3,139.40598,326.409745,35,105,24.2,24.2,98.72,3002.991193,2,0
2022-08-18_2_1,163.32012,326.409745,35,105,24.2,24.2,98.72,3127.17203,2,0
2022-08-18_2_2,158.6806,326.409745,35,105,24.2,24.2,98.72,3127.17203,2,0
2022-08-18_2_3,155.88137,326.409745,35,105,24.2,24.2,98.72,3127.17203,2,0
2022-08-18_3_1,121.75995,326.409745,35,105,24.9,24.9,98.71,4133.672242,2,0
2022-08-18_3_2,134.45705,326.409745,35,105,24.9,24.9,98.71,4133.672242,2,0
2022-08-18_3_3,76.94073,326.409745,35,105,24.9,24.9,98.71,4133.672242,2,0
2022-08-18_4_1,91.45011,326.409745,35,105,24.9,24.9,98.7,3068.272769,2,0
2022-08-18_4_2,92.64271,326.409745,35,105,24.9,24.9,98.7,3068.272769,2,0
2022-08-18_4_3,94.94005,326.409745,35,105,24.9,24.9,98.7,3068.272769,2,0
2022-08-18_5_1,153.37097,326.409745,35,105,24.5,24.5,98.68,2939.175407,2,0
2022-08-18_5_2,156.08056,326.409745,35,105,24.5,24.5,98.68,2939.175407,2,0
2022-08-18_5_3,152.22032,326.409745,35,105,24.5,24.5,98.68,2939.175407,2,0
2022-08-18_6_1,15.95224,326.409745,35,105,25.6,25.6,98.64,2534.218385,2,0
2022-08-18_6_2,22.88154,326.409745,35,105,25.6,25.6,98.64,2534.218385,2,0
2022-08-18_6_3,23.3611,326.409745,35,105,25.6,25.6,98.64,2534.218385,2,0
2022-08-18_7_1,74.85958,326.409745,35,105,25.1,25.1,98.67,2698.819726,2,0
2022-08-18_7_2,73.38798,326.409745,35,105,25.1,25.1,98.67,2698.819726,2,0
2022-08-18_7_3,79.66484,326.409745,35,105,25.1,25.1,98.67,2698.819726,2,0
2022-08-18_8_1,104.60974,326.409745,35,105,25.6,25.6,98.61,2859.547671,2,0
2022-08-18_8_2,104.42707,326.409745,35,105,25.6,25.6,98.61,2859.547671,2,0
2022-08-18_8_3,110.33995,326.409745,35,105,25.6,25.6,98.61,2859.547671,2,0
2022-09-09_1_1,183.96793,345.897055,35,105,22.6,22.6,98.33,3050.17545,2,0
2022-09-09_1_2,187.59304,345.897055,35,105,22.6,22.6,98.33,3050.17545,2,0
2022-09-09_1_3,295.26404,345.897055,35,105,22.6,22.6,98.33,3050.17545,2,0
2022-09-09_2_1,393.75925,345.897055,35,105,22.6,22.6,98.32,2992.953279,2,0
2022-09-09_2_2,413.19626,345.897055,35,105,22.6,22.6,98.32,2992.953279,2,0
2022-09-09_2_3,492.7663,345.897055,35,105,22.6,22.6,98.32,2992.953279,2,0
2022-09-09_3_1,1473.67703,345.897055,35,105,22.8,22.8,98.27,3270.175834,2,0
2022-09-09_3_2,1410.05524,345.897055,35,105,22.8,22.8,98.27,3270.175834,2,0
2022-09-09_3_3,1441.866135,345.897055,35,105,22.8,22.8,98.27,3270.175834,2,0
2022-09-09_4_1,159.52498,345.897055,35,105,23.9,23.9,98.28,3043.81052,2,0
2022-09-09_4_2,133.54457,345.897055,35,105,23.9,23.9,98.28,3043.81052,2,0
2022-09-09_4_3,162.03395,345.897055,35,105,23.9,23.9,98.28,3043.81052,2,0
2022-09-09_5_1,202.08926,345.897055,35,105,22.9,22.9,98.35,2901.489831,2,0
2022-09-09_5_2,177.69292,345.897055,35,105,22.9,22.9,98.35,2901.489831,2,0
2022-09-09_5_3,174.12871,345.897055,35,105,22.9,22.9,98.35,2901.489831,2,0
2022-09-09_6_1,133.20814,345.897055,35,105,24,24,98.33,2591.893287,2,0
2022-09-09_6_2,140.04425,345.897055,35,105,24,24,98.33,2591.893287,2,0
2022-09-09_6_3,141.67562,345.897055,35,105,24,24,98.33,2591.893287,2,0
2022-09-09_7_1,168.02848,345.897055,35,105,24.1,24.1,98.33,2736.034941,2,0
2022-09-09_7_2,164.64826,345.897055,35,105,24.1,24.1,98.33,2736.034941,2,0
2022-09-09_7_3,155.96964,345.897055,35,105,24.1,24.1,98.33,2736.034941,2,0
2022-09-09_8_1,174.1246,345.897055,35,105,23.3,23.3,98.37,2815.086902,2,0
2022-09-09_8_2,178.79785,345.897055,35,105,23.3,23.3,98.37,2815.086902,2,0
2022-09-09_8_3,183.66732,345.897055,35,105,23.3,23.3,98.37,2815.086902,2,0
2022-09-23_1_1,362.01131,347.24287,35,105,19.7,19.7,99.36,2974.436177,2,0
2022-09-23_1_2,366.95964,347.24287,35,105,19.7,19.7,99.36,2974.436177,2,0
2022-09-23_1_3,391.52063,347.24287,35,105,19.7,19.7,99.36,2974.436177,2,0
2022-09-23_2_1,258.08509,347.24287,35,105,19.2,19.2,99.34,3000.050324,2,0
2022-09-23_2_2,258.38077,347.24287,35,105,19.2,19.2,99.34,3000.050324,2,0
2022-09-23_2_3,264.8886,347.24287,35,105,19.2,19.2,99.34,3000.050324,2,0
2022-09-23_3_1,653.94669,347.24287,35,105,18.6,18.6,99.3,3269.617743,2,0
2022-09-23_3_2,828.00051,347.24287,35,105,18.6,18.6,99.3,3269.617743,2,0
2022-09-23_3_3,832.63126,347.24287,35,105,18.6,18.6,99.3,3269.617743,2,0
2022-09-23_4_1,535.58216,347.24287,35,105,19.1,19.1,99.32,2936.295093,2,0
2022-09-23_4_2,537.04595,347.24287,35,105,19.1,19.1,99.32,2936.295093,2,0
2022-09-23_4_3,530.69422,347.24287,35,105,19.1,19.1,99.32,2936.295093,2,0
2022-09-23_5_1,251.65368,347.24287,35,105,19.6,19.6,99.35,2791.737999,2,0
2022-09-23_5_2,256.45335,347.24287,35,105,19.6,19.6,99.35,2791.737999,2,0
2022-09-23_5_3,251.96052,347.24287,35,105,19.6,19.6,99.35,2791.737999,2,0
2022-09-23_6_1,179.1055,347.24287,35,105,18.7,18.7,99.36,2720.091106,2,0
2022-09-23_6_2,186.214455,347.24287,35,105,18.7,18.7,99.36,2720.091106,2,0
2022-09-23_6_3,193.32341,347.24287,35,105,18.7,18.7,99.36,2720.091106,2,0
2022-09-23_7_1,196.5953,347.24287,35,105,19,19,99.3,2736.474723,2,0
2022-09-23_7_2,185.38743,347.24287,35,105,19,19,99.3,2736.474723,2,0
2022-09-23_7_3,185.48647,347.24287,35,105,19,19,99.3,2736.474723,2,0
2022-09-23_8_1,363.24914,347.24287,35,105,18.8,18.8,99.36,2703.048687,2,0
2022-09-23_8_2,360.05576,347.24287,35,105,18.8,18.8,99.36,2703.048687,2,0
2022-09-23_8_3,365.03143,347.24287,35,105,18.8,18.8,99.36,2703.048687,2,0
2022-10-19_1_1,310.52203,354.63195,35,105,7.4,7.4,98.74,3285.230294,2,0
2022-10-19_1_2,316.10908,354.63195,35,105,7.4,7.4,98.74,3285.230294,2,0
2022-10-19_1_3,314.172,354.63195,35,105,7.4,7.4,98.74,3285.230294,2,0
2022-10-19_2_1,300.19955,354.63195,35,105,6.4,6.4,98.63,3407.184169,2,0
2022-10-19_2_2,315.6598,354.63195,35,105,6.4,6.4,98.63,3407.184169,2,0
2022-10-19_2_3,317.22357,354.63195,35,105,6.4,6.4,98.63,3407.184169,2,0
2022-10-19_3_1,293.04692,354.63195,35,105,7.5,7.5,98.61,3253.662737,2,0
2022-10-19_3_2,296.34515,354.63195,35,105,7.5,7.5,98.61,3253.662737,2,0
2022-10-19_3_3,292.40014,354.63195,35,105,7.5,7.5,98.61,3253.662737,2,0
2022-10-19_4_1,386.21547,354.63195,35,105,8.1,8.1,98.56,3487.041931,2,0
2022-10-19_4_2,383.17049,354.63195,35,105,8.1,8.1,98.56,3487.041931,2,0
2022-10-19_4_3,366.83195,354.63195,35,105,8.1,8.1,98.56,3487.041931,2,0
2022-10-19_5_1,266.50622,354.63195,35,105,6.7,6.7,98.66,3115.52246,2,0
2022-10-19_5_2,267.14407,354.63195,35,105,6.7,6.7,98.66,3115.52246,2,0
2022-10-19_5_3,265.36424,354.63195,35,105,6.7,6.7,98.66,3115.52246,2,0
2022-10-19_6_1,193.67286,354.63195,35,105,5.7,5.7,98.7,3197.700606,2,0
2022-10-19_6_2,197.16037,354.63195,35,105,5.7,5.7,98.7,3197.700606,2,0
2022-10-19_6_3,189.49981,354.63195,35,105,5.7,5.7,98.7,3197.700606,2,0
2022-10-19_7_1,286.30539,354.63195,35,105,6.5,6.5,98.66,3190.970969,2,0
2022-10-19_7_2,288.78271,354.63195,35,105,6.5,6.5,98.66,3190.970969,2,0
2022-10-19_7_3,280.49694,354.63195,35,105,6.5,6.5,98.66,3190.970969,2,0
2022-10-19_8_1,333.97719,354.63195,35,105,7,7,98.66,3226.079259,2,0
2022-10-19_8_2,327.75626,354.63195,35,105,7,7,98.66,3226.079259,2,0
2022-10-19_8_3,340.23263,354.63195,35,105,7,7,98.66,3226.079259,2,0
2022-10-28_1_1,313.43295,369.02859,35,105,11.5,11.5,99.94,3319.966682,2,0
2022-10-28_1_2,312.84332,369.02859,35,105,11.5,11.5,99.94,3319.966682,2,0
2022-10-28_1_3,303.3081,369.02859,35,105,11.5,11.5,99.94,3319.966682,2,0
2022-10-28_2_1,284.12138,369.02859,35,105,10.8,10.8,99.93,3348.641291,2,0
2022-10-28_2_2,275.08675,369.02859,35,105,10.8,10.8,99.93,3348.641291,2,0
2022-10-28_2_3,278.80398,369.02859,35,105,10.8,10.8,99.93,3348.641291,2,0
2022-10-28_3_1,380.12106,369.02859,35,105,10.4,10.4,99.94,3533.967834,2,0
2022-10-28_3_2,382.64735,369.02859,35,105,10.4,10.4,99.94,3533.967834,2,0
2022-10-28_3_3,384.03693,369.02859,35,105,10.4,10.4,99.94,3533.967834,2,0
2022-10-28_4_1,336.84586,369.02859,35,105,10.8,10.8,99.96,3464.695091,2,0
2022-10-28_4_2,391.19025,369.02859,35,105,10.8,10.8,99.96,3464.695091,2,0
2022-10-28_4_3,399.73543,369.02859,35,105,10.8,10.8,99.96,3464.695091,2,0
2022-10-28_5_1,319.63965,369.02859,35,105,12,12,99.8,3248.455525,2,0
2022-10-28_5_2,315.16845,369.02859,35,105,12,12,99.8,3248.455525,2,0
2022-10-28_5_3,301.98251,369.02859,35,105,12,12,99.8,3248.455525,2,0
2022-10-28_6_1,154.85784,369.02859,35,105,11.2,11.2,99.82,3127.766271,2,0
2022-10-28_6_2,156.67252,369.02859,35,105,11.2,11.2,99.82,3127.766271,2,0
2022-10-28_6_3,156.97905,369.02859,35,105,11.2,11.2,99.82,3127.766271,2,0
2022-10-28_7_1,235.54738,369.02859,35,105,10.5,10.5,99.87,3128.904664,2,0
2022-10-28_7_2,237.44607,369.02859,35,105,10.5,10.5,99.87,3128.904664,2,0
2022-10-28_7_3,235.51814,369.02859,35,105,10.5,10.5,99.87,3128.904664,2,0
2022-10-28_8_1,325.56681,369.02859,35,105,12.8,12.8,99.78,3200.472406,2,0
2022-10-28_8_2,326.70454,369.02859,35,105,12.8,12.8,99.78,3200.472406,2,0
2022-10-28_8_3,321.65757,369.02859,35,105,12.8,12.8,99.78,3200.472406,2,0
2023-01-23_1_1,114.83243,370.355705,35,105,1.7,1.7,98.67,2762.612604,2,0
2023-01-23_1_2,149.30505,370.355705,35,105,1.7,1.7,98.67,2762.612604,2,0
2023-01-23_1_3,360.38108,370.355705,35,105,1.7,1.7,98.67,2762.612604,2,0
2023-01-23_2_1,239.00344,370.355705,35,105,0.6,0.6,98.61,3589.703336,2,0
2023-01-23_2_2,284.41744,370.355705,35,105,0.6,0.6,98.61,3589.703336,2,0
2023-01-23_2_3,226.44845,370.355705,35,105,0.6,0.6,98.61,3589.703336,2,0
2023-01-23_3_1,168.38415,370.355705,35,105,1.6,1.6,98.59,3761.877753,2,0
2023-01-23_3_2,157.6528,370.355705,35,105,1.6,1.6,98.59,3761.877753,2,0
2023-01-23_3_3,160.52467,370.355705,35,105,1.6,1.6,98.59,3761.877753,2,0
2023-01-23_4_1,206.90775,370.355705,35,105,2.3,2.3,98.53,3824.877384,2,0
2023-01-23_4_2,238.97164,370.355705,35,105,2.3,2.3,98.53,3824.877384,2,0
2023-01-23_4_3,292.63994,370.355705,35,105,2.3,2.3,98.53,3824.877384,2,0
2023-01-23_5_1,268.58486,370.355705,35,105,1.6,1.6,98.44,2633.743644,2,0
2023-01-23_5_2,190.26666,370.355705,35,105,1.6,1.6,98.44,2633.743644,2,0
2023-01-23_5_3,192.18016,370.355705,35,105,1.6,1.6,98.44,2633.743644,2,0
2023-01-23_6_1,533.76421,370.355705,35,105,1.3,1.3,98.48,4028.188015,2,0
2023-01-23_6_2,489.86827,370.355705,35,105,1.3,1.3,98.48,4028.188015,2,0
2023-01-23_6_3,507.9309,370.355705,35,105,1.3,1.3,98.48,4028.188015,2,0
2023-01-23_7_1,353.39092,370.355705,35,105,0.7,0.7,98.41,3936.07967,2,0
2023-01-23_7_2,373.73229,370.355705,35,105,0.7,0.7,98.41,3936.07967,2,0
2023-01-23_7_3,358.95111,370.355705,35,105,0.7,0.7,98.41,3936.07967,2,0
2023-01-23_8_1,430.62058,370.355705,35,105,3,3,98.39,3263.877818,2,0
2023-01-23_8_2,554.9991,370.355705,35,105,3,3,98.39,3263.877818,2,0
2023-01-23_8_3,359.55159,370.355705,35,105,3,3,98.39,3263.877818,2,0
2023-02-10_1_1,237.35946,363.026835,35,105,1.5,1.5,99.48,4654.190725,2,0
2023-02-10_1_2,158.04221,363.026835,35,105,1.5,1.5,99.48,4654.190725,2,0
2023-02-10_1_3,157.25034,363.026835,35,105,1.5,1.5,99.48,4654.190725,2,0
2023-02-10_2_1,506.51479,363.026835,35,105,0.6,0.6,99.51,4446.280984,2,0
2023-02-10_2_2,486.25244,363.026835,35,105,0.6,0.6,99.51,4446.280984,2,0
2023-02-10_2_3,464.26381,363.026835,35,105,0.6,0.6,99.51,4446.280984,2,0
2023-02-10_3_1,237.89646,363.026835,35,105,1.6,1.6,99.48,4169.109286,2,0
2023-02-10_3_2,226.05592,363.026835,35,105,1.6,1.6,99.48,4169.109286,2,0
2023-02-10_3_3,194.31808,363.026835,35,105,1.6,1.6,99.48,4169.109286,2,0
2023-02-10_4_1,335.85149,363.026835,35,105,2.3,2.3,99.48,4199.379787,2,0
2023-02-10_4_2,284.55947,363.026835,35,105,2.3,2.3,99.48,4199.379787,2,0
2023-02-10_4_3,232.18716,363.026835,35,105,2.3,2.3,99.48,4199.379787,2,0
2023-02-10_5_1,250.93876,363.026835,35,105,1.9,1.9,99.51,4450.280816,2,0
2023-02-10_5_2,229.51531,363.026835,35,105,1.9,1.9,99.51,4450.280816,2,0
2023-02-10_5_3,231.54085,363.026835,35,105,1.9,1.9,99.51,4450.280816,2,0
2023-02-10_6_1,1546.87162,363.026835,35,105,1.6,1.6,99.51,3788.965752,2,0
2023-02-10_6_2,1417.77536,363.026835,35,105,1.6,1.6,99.51,3788.965752,2,0
2023-02-10_6_3,1306.90139,363.026835,35,105,1.6,1.6,99.51,3788.965752,2,0
2023-02-10_7_1,1235.20246,363.026835,35,105,1.3,1.3,99.49,4247.123721,2,0
2023-02-10_7_2,1272.95459,363.026835,35,105,1.3,1.3,99.49,4247.123721,2,0
2023-02-10_7_3,1324.93154,363.026835,35,105,1.3,1.3,99.49,4247.123721,2,0
2023-02-10_8_1,321.93407,363.026835,35,105,1.6,1.6,99.52,4352.048063,2,0
2023-02-10_8_2,284.77387,363.026835,35,105,1.6,1.6,99.52,4352.048063,2,0
2023-02-10_8_3,281.40321,363.026835,35,105,1.6,1.6,99.52,4352.048063,2,0
2023-02-17_1_1,246.7577,365.545905,35,105,1.4,1.4,99.41,3116.462435,2,0
2023-02-17_1_2,248.025,365.545905,35,105,1.4,1.4,99.41,3116.462435,2,0
2023-02-17_1_3,236.46761,365.545905,35,105,1.4,1.4,99.41,3116.462435,2,0
2023-02-17_2_1,383.36531,365.545905,35,105,0.7,0.7,99.44,4197.421289,2,0
2023-02-17_2_2,495.37706,365.545905,35,105,0.7,0.7,99.44,4197.421289,2,0
2023-02-17_2_3,288.72173,365.545905,35,105,0.7,0.7,99.44,4197.421289,2,0
2023-02-17_3_1,387.29805,365.545905,35,105,1.4,1.4,99.39,3191.470317,2,0
2023-02-17_3_2,355.70009,365.545905,35,105,1.4,1.4,99.39,3191.470317,2,0
2023-02-17_3_3,339.42108,365.545905,35,105,1.4,1.4,99.39,3191.470317,2,0
2023-02-17_4_1,884.45516,365.545905,35,105,2.3,2.3,99.36,2885.860447,2,0
2023-02-17_4_2,829.53152,365.545905,35,105,2.3,2.3,99.36,2885.860447,2,0
2023-02-17_4_3,570.02468,365.545905,35,105,2.3,2.3,99.36,2885.860447,2,0
2023-02-17_5_1,487.71611,365.545905,35,105,3.1,3.1,99.24,2431.517135,2,0
2023-02-17_5_2,514.85039,365.545905,35,105,3.1,3.1,99.24,2431.517135,2,0
2023-02-17_5_3,501.48782,365.545905,35,105,3.1,3.1,99.24,2431.517135,2,0
2023-02-17_6_1,2640.64791,365.545905,35,105,3.1,3.1,99.31,2740.830851,2,0
2023-02-17_6_2,2702.49825,365.545905,35,105,3.1,3.1,99.31,2740.830851,2,0
2023-02-17_6_3,2667.16869,365.545905,35,105,3.1,3.1,99.31,2740.830851,2,0
2023-02-17_7_1,2094.32377,365.545905,35,105,1.7,1.7,99.28,3361.896419,2,0
2023-02-17_7_2,1986.07751,365.545905,35,105,1.7,1.7,99.28,3361.896419,2,0
2023-02-17_7_3,2018.79313,365.545905,35,105,1.7,1.7,99.28,3361.896419,2,0
2023-02-17_8_1,896.44775,365.545905,35,105,3.5,3.5,99.27,1642.49767,2,0
2023-02-17_8_2,980.25916,365.545905,35,105,3.5,3.5,99.27,1642.49767,2,0
2023-02-17_8_3,658.11744,365.545905,35,105,3.5,3.5,99.27,1642.49767,2,0
2023-03-23_1_1,755.52255,367.070285,35,105,4.6,4.6,99.42,4191.955599,2,0
2023-03-23_1_2,762.41778,367.070285,35,105,4.6,4.6,99.42,4191.955599,2,0
2023-03-23_1_3,746.14915,367.070285,35,105,4.6,4.6,99.42,4191.955599,2,0
2023-03-23_2_1,600.82444,367.070285,35,105,4.8,4.8,99.5,4049.086006,2,0
2023-03-23_2_2,594.55308,367.070285,35,105,4.8,4.8,99.5,4049.086006,2,0
2023-03-23_2_3,587.14273,367.070285,35,105,4.8,4.8,99.5,4049.086006,2,0
2023-03-23_3_1,651.85864,367.070285,35,105,5.1,5.1,99.47,4126.06923,2,0
2023-03-23_3_2,644.84607,367.070285,35,105,5.1,5.1,99.47,4126.06923,2,0
2023-03-23_3_3,652.32359,367.070285,35,105,5.1,5.1,99.47,4126.06923,2,0
2023-03-23_4_1,779.80728,367.070285,35,105,5.5,5.5,99.44,4254.41432,2,0
2023-03-23_4_2,761.37687,367.070285,35,105,5.5,5.5,99.44,4254.41432,2,0
2023-03-23_4_3,780.84414,367.070285,35,105,5.5,5.5,99.44,4254.41432,2,0
2023-03-23_5_1,768.78805,367.070285,35,105,5.1,5.1,99.61,4187.268413,2,0
2023-03-23_5_2,750.55493,367.070285,35,105,5.1,5.1,99.61,4187.268413,2,0
2023-03-23_5_3,762.77613,367.070285,35,105,5.1,5.1,99.61,4187.268413,2,0
2023-03-23_6_1,725.39853,367.070285,35,105,5.8,5.8,99.56,4137.995445,2,0
2023-03-23_6_2,716.92028,367.070285,35,105,5.8,5.8,99.56,4137.995445,2,0
2023-03-23_6_3,719.84494,367.070285,35,105,5.8,5.8,99.56,4137.995445,2,0
2023-03-23_7_1,785.20976,367.070285,35,105,5.5,5.5,99.51,4083.993519,2,0
2023-03-23_7_2,796.9869,367.070285,35,105,5.5,5.5,99.51,4083.993519,2,0
2023-03-23_7_3,792.36992,367.070285,35,105,5.5,5.5,99.51,4083.993519,2,0
2023-03-23_8_1,836.78073,367.070285,35,105,6.7,6.7,99.58,4559.421405,2,0
2023-03-23_8_2,851.87167,367.070285,35,105,6.7,6.7,99.58,4559.421405,2,0
2023-03-23_8_3,822.0468,367.070285,35,105,6.7,6.7,99.58,4559.421405,2,0
2023-04-07_1_1,529.39702,367.40869,35,105,7.4,7.4,100.43,3956.857765,2,0
2023-04-07_1_2,537.47548,367.40869,35,105,7.4,7.4,100.43,3956.857765,2,0
2023-04-07_1_3,532.74738,367.40869,35,105,7.4,7.4,100.43,3956.857765,2,0
2023-04-07_2_1,464.05646,367.40869,35,105,7.8,7.8,100.44,3866.795781,2,0
2023-04-07_2_2,462.59679,367.40869,35,105,7.8,7.8,100.44,3866.795781,2,0
2023-04-07_2_3,466.7349,367.40869,35,105,7.8,7.8,100.44,3866.795781,2,0
2023-04-07_3_1,554.21905,367.40869,35,105,7.1,7.1,100.45,4033.404916,2,0
2023-04-07_3_2,563.25048,367.40869,35,105,7.1,7.1,100.45,4033.404916,2,0
2023-04-07_3_3,553.57755,367.40869,35,105,7.1,7.1,100.45,4033.404916,2,0
2023-04-07_4_1,462.14091,367.40869,35,105,7.8,7.8,100.47,4767.116241,2,0
2023-04-07_4_2,475.49885,367.40869,35,105,7.8,7.8,100.47,4767.116241,2,0
2023-04-07_4_3,472.23246,367.40869,35,105,7.8,7.8,100.47,4767.116241,2,0
2023-04-07_5_1,505.62276,367.40869,35,105,7.4,7.4,100.4,3890.067162,2,0
2023-04-07_5_2,502.51846,367.40869,35,105,7.4,7.4,100.4,3890.067162,2,0
2023-04-07_5_3,498.16668,367.40869,35,105,7.4,7.4,100.4,3890.067162,2,0
2023-04-07_6_1,683.13371,367.40869,35,105,8.2,8.2,100.28,3670.382259,2,0
2023-04-07_6_2,674.17143,367.40869,35,105,8.2,8.2,100.28,3670.382259,2,0
2023-04-07_6_3,670.94805,367.40869,35,105,8.2,8.2,100.28,3670.382259,2,0
2023-04-07_7_1,528.27292,367.40869,35,105,7.5,7.5,100.37,3938.711259,2,0
2023-04-07_7_2,515.02473,367.40869,35,105,7.5,7.5,100.37,3938.711259,2,0
2023-04-07_7_3,514.3842,367.40869,35,105,7.5,7.5,100.37,3938.711259,2,0
2023-04-07_8_1,346.38363,367.40869,35,105,9.1,9.1,100.26,3873.528826,2,0
2023-04-07_8_2,352.54615,367.40869,35,105,9.1,9.1,100.26,3873.528826,2,0
2023-04-07_8_3,347.71461,367.40869,35,105,9.1,9.1,100.26,3873.528826,2,0
2023-04-27_1_1,517.34772,346.07761,35,105,10.4,10.4,98.63,3980.122632,2,0
2023-04-27_1_2,518.4467,346.07761,35,105,10.4,10.4,98.63,3980.122632,2,0
2023-04-27_1_3,519.21275,346.07761,35,105,10.4,10.4,98.63,3980.122632,2,0
2023-04-27_2_1,508.98869,346.07761,35,105,10.7,10.7,98.62,3867.248564,2,0
2023-04-27_2_2,516.02449,346.07761,35,105,10.7,10.7,98.62,3867.248564,2,0
2023-04-27_2_3,582.40889,346.07761,35,105,10.7,10.7,98.62,3867.248564,2,0
2023-04-27_3_1,421.74209,346.07761,35,105,10.8,10.8,98.64,4041.040237,2,0
2023-04-27_3_2,416.37775,346.07761,35,105,10.8,10.8,98.64,4041.040237,2,0
2023-04-27_3_3,407.8553,346.07761,35,105,10.8,10.8,98.64,4041.040237,2,0
2023-04-27_4_1,580.66108,346.07761,35,105,10.2,10.2,98.64,4719.107349,2,0
2023-04-27_4_2,594.37942,346.07761,35,105,10.2,10.2,98.64,4719.107349,2,0
2023-04-27_4_3,603.91694,346.07761,35,105,10.2,10.2,98.64,4719.107349,2,0
2023-04-27_5_1,545.9686,346.07761,35,105,10.2,10.2,98.6,3895.744905,2,0
2023-04-27_5_2,538.08442,346.07761,35,105,10.2,10.2,98.6,3895.744905,2,0
2023-04-27_5_3,549.76817,346.07761,35,105,10.2,10.2,98.6,3895.744905,2,0
2023-04-27_6_1,564.51787,346.07761,35,105,10.7,10.7,98.55,3712.155989,2,0
2023-04-27_6_2,570.25449,346.07761,35,105,10.7,10.7,98.55,3712.155989,2,0
2023-04-27_6_3,561.65487,346.07761,35,105,10.7,10.7,98.55,3712.155989,2,0
2023-04-27_7_1,615.55102,346.07761,35,105,10.8,10.8,98.58,3928.537009,2,0
2023-04-27_7_2,607.55953,346.07761,35,105,10.8,10.8,98.58,3928.537009,2,0
2023-04-27_7_3,619.55784,346.07761,35,105,10.8,10.8,98.58,3928.537009,2,0
2023-04-27_8_1,455.78955,346.07761,35,105,11.7,11.7,98.53,3881.201935,2,0
2023-04-27_8_2,455.81347,346.07761,35,105,11.7,11.7,98.53,3881.201935,2,0
2023-04-27_8_3,460.26921,346.07761,35,105,11.7,11.7,98.53,3881.201935,2,0
2023-05-04_1_1,509.19799,340.413375,35,105,11.8,11.8,98.5,3895.248984,2,0
2023-05-04_1_2,513.54552,340.413375,35,105,11.8,11.8,98.5,3895.248984,2,0
2023-05-04_1_3,561.05172,340.413375,35,105,11.8,11.8,98.5,3895.248984,2,0
2023-05-04_2_1,312.10807,340.413375,35,105,12.8,12.8,98.39,3754.695547,2,0
2023-05-04_2_2,303.56576,340.413375,35,105,12.8,12.8,98.39,3754.695547,2,0
2023-05-04_2_3,314.02,340.413375,35,105,12.8,12.8,98.39,3754.695547,2,0
2023-05-04_3_1,416.19349,340.413375,35,105,12.6,12.6,98.35,3831.325675,2,0
2023-05-04_3_2,424.76662,340.413375,35,105,12.6,12.6,98.35,3831.325675,2,0
2023-05-04_3_3,447.29224,340.413375,35,105,12.6,12.6,98.35,3831.325675,2,0
2023-05-04_4_1,186.22355,340.413375,35,105,14.9,14.9,98.31,3470.665326,2,0
2023-05-04_4_2,190.51329,340.413375,35,105,14.9,14.9,98.31,3470.665326,2,0
2023-05-04_4_3,185.66654,340.413375,35,105,14.9,14.9,98.31,3470.665326,2,0
2023-05-04_5_1,520.51513,340.413375,35,105,11.8,11.8,98.48,3795.546295,2,0
2023-05-04_5_2,519.32175,340.413375,35,105,11.8,11.8,98.48,3795.546295,2,0
2023-05-04_5_3,515.02282,340.413375,35,105,11.8,11.8,98.48,3795.546295,2,0
2023-05-04_6_1,563.48632,340.413375,35,105,12.1,12.1,98.46,3829.132474,2,0
2023-05-04_6_2,572.40526,340.413375,35,105,12.1,12.1,98.46,3829.132474,2,0
2023-05-04_6_3,563.4742,340.413375,35,105,12.1,12.1,98.46,3829.132474,2,0
2023-05-04_7_1,539.76086,340.413375,35,105,12.4,12.4,98.42,3776.11215,2,0
2023-05-04_7_2,505.60357,340.413375,35,105,12.4,12.4,98.42,3776.11215,2,0
2023-05-04_7_3,543.30792,340.413375,35,105,12.4,12.4,98.42,3776.11215,2,0
2023-05-04_8_1,483.16537,340.413375,35,105,12,12,98.47,3880.6976,2,0
2023-05-04_8_2,490.85354,340.413375,35,105,12,12,98.47,3880.6976,2,0
2023-05-04_8_3,507.06183,340.413375,35,105,12,12,98.47,3880.6976,2,0
2023-05-17_1_1,728.9003,335.46715,35,105,17.3,17.3,98.85,3605.493837,2,0
2023-05-17_1_2,736.03844,335.46715,35,105,17.3,17.3,98.85,3605.493837,2,0
2023-05-17_1_3,727.73116,335.46715,35,105,17.3,17.3,98.85,3605.493837,2,0
2023-05-17_2_1,423.58846,335.46715,35,105,16.6,16.6,98.87,3567.732082,2,0
2023-05-17_2_2,425.12639,335.46715,35,105,16.6,16.6,98.87,3567.732082,2,0
2023-05-17_2_3,413.07218,335.46715,35,105,16.6,16.6,98.87,3567.732082,2,0
2023-05-17_3_1,487.516,335.46715,35,105,16.1,16.1,98.85,3426.384775,2,0
2023-05-17_3_2,481.26044,335.46715,35,105,16.1,16.1,98.85,3426.384775,2,0
2023-05-17_3_3,495.79217,335.46715,35,105,16.1,16.1,98.85,3426.384775,2,0
2023-05-17_4_1,695.08405,335.46715,35,105,15.5,15.5,98.83,3881.366727,2,0
2023-05-17_4_2,707.38417,335.46715,35,105,15.5,15.5,98.83,3881.366727,2,0
2023-05-17_4_3,698.80398,335.46715,35,105,15.5,15.5,98.83,3881.366727,2,0
2023-05-17_5_1,644.51416,335.46715,35,105,17.5,17.5,98.81,3629.625056,2,0
2023-05-17_5_2,635.05621,335.46715,35,105,17.5,17.5,98.81,3629.625056,2,0
2023-05-17_5_3,642.13342,335.46715,35,105,17.5,17.5,98.81,3629.625056,2,0
2023-05-17_6_1,547.11787,335.46715,35,105,18.2,18.2,98.77,3532.055255,2,0
2023-05-17_6_2,552.49486,335.46715,35,105,18.2,18.2,98.77,3532.055255,2,0
2023-05-17_6_3,554.03744,335.46715,35,105,18.2,18.2,98.77,3532.055255,2,0
2023-05-17_7_1,456.30741,335.46715,35,105,18.2,18.2,98.81,3491.659367,2,0
2023-05-17_7_2,453.61041,335.46715,35,105,18.2,18.2,98.81,3491.659367,2,0
2023-05-17_7_3,453.52962,335.46715,35,105,18.2,18.2,98.81,3491.659367,2,0
2023-05-17_8_1,235.46885,335.46715,35,105,18.2,18.2,98.74,3301.252302,2,0
2023-05-17_8_2,232.96963,335.46715,35,105,18.2,18.2,98.74,3301.252302,2,0
2023-05-17_8_3,232.51202,335.46715,35,105,18.2,18.2,98.74,3301.252302,2,0