sampledate,site,Depth,Temp_C,pH,DO_mgL,DO_perc,Conductivity,dic
2023-04-07,7,0,7.5,8.25,12.88,107.5,834,NA
2022-07-13,6,0,26.6,9.75,19.87,250.5,682,22.21
2023-02-17,8,0,3.5,7.29,14.2,110.5,785,23.17
2022-07-21,6,0,25.4,9.45,11.33,138.3,672,24.05
2022-07-07,6,0,25.9,9.64,15.71,189.9,663,24.21
2022-08-18,6,0,25.6,9.36,15.14,187.4,700,27.48
2022-06-28,6,0,24.6,9.42,17.19,207,688,28.31
2022-07-28,7,0,26.1,9.18,11.78,145.3,701,29.47
2022-07-07,7,0,25.9,9.21,12.36,152.3,695,29.78
2022-07-13,8,0,26.9,9.18,15.19,188.8,709,30.09
2022-08-18,7,0,25.1,9.06,12.32,149.5,706,30.76
2023-02-17,5,0,3.1,7.74,16.09,120,804,30.99
2022-07-21,7,0,25.8,9.03,10.65,131.1,706,31.19
2022-07-07,8,0,25.9,9.06,10.51,129.5,699,31.19
2022-07-28,5,0,25.9,9.04,9.1,112.1,706,31.27
2022-07-28,8,0,25.5,8.96,10.22,125,709,31.75
2023-01-23,5,0,1.6,8.44,16.95,121.6,648,31.82
2022-09-23,6,0,18.7,8.67,8.72,93.8,692,32.2
2022-09-23,7,0,19,8.68,9.37,101.1,684,32.37
2022-09-23,8,0,18.8,8.37,7.65,82.2,700,32.475
2022-07-21,5,0,25.9,8.88,8.6,106,713,32.56
2022-07-21,8,0,25.3,8.77,8.41,102.4,718,32.63
2022-08-18,8,0,25.6,8.99,12.43,152.2,719,32.84
2022-09-23,5,0,19.6,8.61,8.4,91.9,683,33.14
2023-01-23,1,0,1.7,8.45,20.77,159.3,825,33.36
2022-07-21,1,0,26.2,8.76,8.46,104.7,723,33.96
2022-08-18,5,0,24.5,8.86,10.55,126.6,716,34.21
2022-06-20,7,0,26.1,8.96,14.81,183.1,719,34.21
2022-07-07,4,0,27,8.93,10.49,131.5,706,34.49
2022-07-13,5,0,25.7,8.87,9.26,113.8,726,34.61
2022-06-20,6,0,25.8,9,15.53,190.8,727,34.69
2022-06-28,8,0,23.6,8.92,11.63,137.4,718,34.7
2022-07-07,1,0,26,8.89,10.43,128.8,721,35
2022-07-28,1,0,25.6,8.79,8.57,105.1,723,35.02
2022-07-07,2,0,27.1,9.01,11.35,142.4,717,35.23
2022-09-23,4,0,19.1,8.3,8.01,86.7,682,35.39
2022-07-28,4,0,26.5,8.96,12.14,150.9,722,35.45
2022-09-23,1,0,19.7,8.45,8.15,89.2,698,35.59
2022-06-20,8,0,26.2,8.83,13.15,162.3,742,35.59
2022-09-23,2,0,19.2,8.59,10.27,111.3,693,35.66
2022-07-13,1,0,25.5,8.8,9.29,113.6,732,35.99
2022-07-07,5,0,26.5,8.87,9.66,119.9,729,36.13
2023-02-17,1,0,1.4,9.15,18.83,135.5,689,36.27
2022-07-07,3,0,27.3,8.89,12.3,149.9,692,36.36
2022-06-28,5,0,24.8,8.81,9.83,118.7,731,36.47
2022-07-28,2,0,25.3,8.73,9.17,111.7,724,36.5
2022-06-28,7,0,24.9,8.9,12.18,147.7,737,36.64
2022-07-21,4,0,26.4,8.78,11.65,145.1,732,36.75
2022-06-13,6,0,20.7,8.91,13.47,150.4,731,36.88
2023-02-17,4,0,2.3,7.7,19.45,142.1,777,37.05
2022-10-28,6,0,11.2,8.7,12.89,117.4,731,37.139
2022-10-28,7,0,10.5,8.61,12.79,114.9,738,37.331
2022-10-19,5,0,6.7,8.4,11.72,95.9,730,37.6
2022-06-20,4,0,23.5,8.82,13.52,159.3,724,37.98
2022-10-28,8,0,12.8,8.51,11.49,108.8,743,38.315
2022-10-19,6,0,5.7,8.56,12.83,102.3,731,38.34
2022-10-19,7,0,6.5,8.42,12.13,98.8,737,38.48
2022-07-13,2,0,25,8.52,8.32,101.1,752,38.49
2022-06-20,2,0,23.2,9.05,14.59,170.4,704,38.72
2022-10-28,5,0,12,8.53,11.58,107.2,744,38.87
2022-06-13,2,0,21.4,9.09,21.16,238.1,715,38.98
2023-02-17,3,0,1.4,8.22,17.85,127.1,887,39
2022-10-19,8,0,7,8.36,11.42,94.3,739,39
2022-10-19,3,0,7.5,8.44,11.84,99,743,39.18
2022-06-28,1,0,24.9,8.66,9.54,115.3,749,39.47
2022-09-23,3,0,18.6,8.18,9.1,97.6,728,39.65
2022-10-28,1,0,11.5,8.5,11.74,107.9,751,39.79
2022-10-19,1,0,7.4,8.28,11.31,94.2,748,39.86
2023-05-17,8,0,18.2,8.23,15.44,165.5,836,39.94
2022-10-28,2,0,10.8,8.51,12.37,111.7,758,40.13
2022-06-28,2,0,25.1,8.75,11.36,137.7,759,40.55
2023-01-23,8,0,3,7.97,17.19,126.7,683,40.55
2022-06-28,4,0,25,8.73,11.73,141.8,758,40.7
2022-06-20,5,0,24.5,8.68,10.38,124.8,758,40.72
2023-02-17,6,0,3.1,7.15,4.01,32.1,790,40.95
2022-10-19,2,0,6.4,8.42,12.84,104.5,775,41.09
2023-05-04,4,0,14.9,8.7,18.09,179.3,853,41.12
2022-06-20,1,0,24.1,8.6,10.07,120.1,759,41.31
2022-10-28,4,0,10.8,8.43,11.78,106.7,758,41.67
2023-05-17,3,0,16.1,8.13,12.25,124.2,852,41.71
2022-06-13,8,0,20.4,8.7,11.44,127.2,763,41.96
2022-10-19,4,0,8.1,8.35,11.59,98.4,762,42.15
2023-05-17,7,0,18.2,8.14,12.3,130.6,855,42.44
2022-10-28,3,0,10.4,8.41,12.73,114.2,780,42.55
2022-06-28,3,0,25.4,8.63,12.4,152.5,776,42.65
2022-07-21,2,0,25.9,8.53,9.2,112.8,762,43.22
2023-05-17,6,0,18.2,7.92,11.2,119.1,859,43.53
2023-05-17,2,0,16.6,8.07,12.13,124.7,860,43.57
2023-01-23,2,0,0.6,8.21,22.48,156.7,905,43.92
2022-06-01,2,0,21.1,8.82,15.61,175.6,760,44.15
2022-06-20,3,0,23.4,8.42,11.25,132.5,746,44.34
2023-04-07,6,0,8.2,8.3,11.68,99.5,832,44.47
2022-06-13,7,0,21.2,8.62,10.7,120.6,784,44.51
2023-05-17,5,0,17.5,7.97,10.29,107.8,866,44.59
2023-05-17,1,0,17.3,7.85,9.85,102.7,866,44.71
2022-06-13,5,0,20.8,8.63,10.51,117.6,781,44.77
2022-06-13,4,0,21.6,8.78,12.49,142.1,778,44.91
2023-02-17,7,0,1.7,7.48,9.88,71.1,779,45.14
2023-05-04,2,0,12.8,8.34,15.52,147.2,868,45.3
2023-01-23,3,0,1.6,8.5,20.85,148.7,700,45.33
2023-05-04,3,0,12.6,8.56,13.8,129.8,867,45.77
2022-06-13,1,0,21.2,8.66,10.95,123.6,785,45.85
2023-05-17,4,0,15.5,8.74,10.95,110.1,864,45.87
2023-01-23,4,0,2.3,8.52,23.23,168.7,736,46.03
2023-05-04,7,0,12.4,8.14,12.3,115.8,869,46.03
2023-05-04,6,0,12.1,8.37,11.55,107.6,872,46.15
2023-05-04,5,0,11.8,8.18,11.6,107.3,879,46.18
2023-02-10,6,0,1.6,8.2,8.59,61.5,722,46.35
2023-04-07,8,0,9.1,8.55,14.55,126.3,815,46.38
2022-07-13,4,0,24.4,8.1,7.2,86.4,761,46.43
2023-05-04,8,0,12,8.51,13.29,123.1,873,46.48
2023-04-07,2,0,7.8,8.41,13.09,110.2,852,46.62
2023-05-04,1,0,11.8,8.5,11.61,107.5,872,46.68
2023-04-07,5,0,7.4,8.35,12.89,103.3,828,47.04
2022-06-13,3,0,21.7,8.47,12.16,139,802,47.36
2023-03-28,4,0,7.8,8.12,16.76,141.4,848,47.36
2022-07-28,3,0,25.4,8.4,10.34,127,810,47.56
2023-03-28,1,0,6.4,8.01,14.74,120,861,47.62
2023-03-28,2,0,7.7,8.57,16.36,136.9,934,47.69
2023-01-23,7,0,0.7,8.32,18.84,131.5,743,47.86
2022-06-01,4,0,21.7,8.82,14.01,156,797,47.94
2023-04-07,1,0,7.4,8.28,12.22,101.8,824,48.01
2023-03-28,5,0,5.8,8.71,14.1,112.8,854,48.13
2023-03-28,8,0,8.1,8.83,15.38,129,826,48.13
2022-07-13,3,0,24.9,8.35,10.23,124.1,823,48.27
2023-03-28,7,0,6.7,8.69,14.35,118.6,835,48.47
2023-03-28,3,0,7.5,8.24,15.79,131.6,863,48.5
2023-03-28,6,0,6.4,8.35,14.51,118.1,843,48.53
2023-04-07,3,0,7.1,8.45,12.56,104.1,844,48.56
2023-03-23,2,0,4.8,8.4,15.06,117.6,863,48.92
2023-03-23,7,0,5.5,8.41,14.37,114.3,869,49.3
2023-03-23,3,0,5.1,8.56,14.74,116,864,49.49
2023-01-23,6,0,1.3,8.09,15.32,108.7,714,49.65
2022-06-01,1,0,20.8,8.63,9.42,105.5,811,49.68
2023-03-23,6,0,5.8,8.47,14.63,117.2,848,49.81
2023-03-23,5,0,5.1,8.53,14.26,112.2,867,50.29
2022-06-01,3,0,20.8,8.71,13.56,151.8,812,50.96
2023-02-10,3,0,1.6,8.21,19.04,137.5,838,50.97
2023-03-23,4,0,5.5,8.51,14.92,118.6,873,51.13
2023-03-23,1,0,4.6,8.16,14.09,109.3,861,51.29
2023-02-10,4,0,2.3,8.16,21.09,153.3,800,51.47
2023-02-10,8,0,1.6,8.75,20.04,143.7,803,51.87
2023-02-10,5,0,1.9,8.55,20.35,147.4,783,53.5
2023-02-10,2,0,0.6,8.33,22.3,155.6,946,54.04
2023-03-23,8,0,6.7,8.44,15.62,128.3,923,54.93
2023-02-10,7,0,1.3,7.65,13.03,92.7,806,55.09
2023-02-10,1,0,1.5,8.61,21.64,153.7,776,55.82
2023-04-07,4,0,7.3,8.6,12.9,107.4,820,57.01
2022-06-01,1,0.5,20.8,8.62,9.37,104.9,811,NA
2022-06-01,1,0.75,20.8,8.63,9.41,105.4,811,NA
2022-06-01,1,1,20.8,8.64,9.44,105.8,811,NA
2022-06-01,1,1.25,20.8,8.63,9.47,106.1,811,NA
2022-06-01,1,1.5,20.8,8.63,9.45,105.8,811,NA
2022-06-01,1,1.75,20.8,8.63,9.46,106,811,NA
2022-06-01,1,2,20.8,8.63,9.48,106.1,811,NA
2022-06-01,1,2.25,20.8,8.63,9.45,105.8,811,NA
2022-06-01,1,2.5,20.8,8.63,9.49,106.3,811,NA
2022-06-01,1,2.75,20.8,8.63,9.48,106.3,811,NA
2022-06-01,1,3,20.8,8.62,9.34,104.5,811,NA
2022-06-01,1,3.25,20.7,8.59,9.11,102.4,811,NA
2022-06-01,1,3.5,19.9,8.12,4.48,49.1,827,NA
2022-06-06,1,0,21.1,8.6,10.06,113.4,804,NA
2022-06-06,1,0.5,21.1,8.6,10.07,113.5,804,NA
2022-06-06,1,0.75,21.1,8.6,10.08,113.5,804,NA
2022-06-06,1,1,21.1,8.59,10.07,113.3,804,NA
2022-06-06,1,1.25,21,8.59,10.05,113,804,NA
2022-06-06,1,1.5,21,8.59,10.02,112.5,804,NA
2022-06-06,1,1.75,21,8.58,10.01,112.4,805,NA
2022-06-06,1,2,20.9,8.58,9.97,111.9,805,NA
2022-06-06,1,2.25,20.9,8.57,9.91,111.2,805,NA
2022-06-06,1,2.5,20.9,8.5,9.86,110.7,805,NA
2022-06-06,1,2.75,20.8,8.55,9.66,108.5,805,NA
2022-06-06,1,3,20.1,7.98,5.82,66.2,834,NA
2022-06-06,1,3.25,19.5,7.89,6.89,73.5,880,NA
2022-06-09,1,0,20.3,8.47,8.8,97.7,800,NA
2022-06-09,1,0.5,20.3,8.47,8.81,97.7,800,NA
2022-06-09,1,0.75,20.3,8.47,8.83,97.9,800,NA
2022-06-09,1,1,20.3,8.48,8.89,98.5,800,NA
2022-06-09,1,1.25,20.2,8.49,8.96,99.2,800,NA
2022-06-09,1,1.5,20.2,8.49,9.01,99.6,800,NA
2022-06-09,1,1.75,20.2,8.5,9.03,99.8,800,NA
2022-06-09,1,2,20.1,8.5,9.06,100,799,NA
2022-06-09,1,2.25,20,8.5,9.08,100.1,797,NA
2022-06-09,1,2.5,20,8.5,9.06,99.8,797,NA
2022-06-09,1,2.75,20,8.5,9.04,99.6,796,NA
2022-06-09,1,3,19.9,8.5,9.02,99.3,796,NA
2022-06-09,1,3.25,19.9,8.48,8.77,96.3,794,NA
2022-06-09,1,3.5,19.8,8.47,8.64,94.8,794,NA
2022-06-13,1,0.5,21.2,8.66,11.06,124.7,785,NA
2022-06-13,1,0.75,21.1,8.66,11.08,124.8,785,NA
2022-06-13,1,1,21.1,8.66,11.08,124.9,785,NA
2022-06-13,1,1.25,21,8.66,11.08,124.7,785,NA
2022-06-13,1,1.5,21,8.66,11.06,124.4,785,NA
2022-06-13,1,1.75,20.9,8.66,10.99,123.2,785,NA
2022-06-13,1,2,20.8,8.65,10.9,122.3,785,NA
2022-06-13,1,2.25,20.7,8.62,10.53,117.8,785,NA
2022-06-13,1,2.5,20.5,8.49,9.32,104.2,788,NA
2022-06-13,1,2.75,20.3,8.2,6.37,70.7,791,NA
2022-06-13,1,3,20.2,8.07,5.3,58.8,789,NA
2022-06-13,1,3.25,19.9,7.93,5.37,59,777,NA
2022-06-16,1,0,23.7,8.67,9.81,116.2,773,NA
2022-06-16,1,0.5,23.7,8.67,9.84,116.5,773,NA
2022-06-16,1,0.75,23.7,8.66,9.81,116.2,773,NA
2022-06-16,1,1,23.7,8.66,9.85,116.6,773,NA
2022-06-16,1,1.25,23.7,8.66,9.77,115.7,773,NA
2022-06-16,1,1.5,23.7,8.65,9.73,115.1,773,NA
2022-06-16,1,1.75,23.7,8.65,9.71,115,773,NA
2022-06-16,1,2,23.7,8.65,9.74,115.3,773,NA
2022-06-16,1,2.25,23.7,8.65,9.69,114.7,772,NA
2022-06-16,1,2.5,23.7,8.64,9.6,113.6,773,NA
2022-06-16,1,2.75,23.6,8.63,9.51,112.5,773,NA
2022-06-16,1,3,23.4,8.55,8.5,103.4,779,NA
2022-06-16,1,3.25,21.8,7.93,3.61,41.5,805,NA
2022-06-20,1,0.5,24.1,8.6,10.15,120.8,759,NA
2022-06-20,1,0.75,24.1,8.6,10.14,120.9,759,NA
2022-06-20,1,1,24.1,8.59,10.16,121.2,759,NA
2022-06-20,1,1.25,24,8.6,10.19,121.4,759,NA
2022-06-20,1,1.5,24,8.59,10.21,121.6,759,NA
2022-06-20,1,1.75,24,8.6,10.24,121.8,760,NA
2022-06-20,1,2,24,8.6,10.25,121.8,760,NA
2022-06-20,1,2.25,23.9,8.6,10.21,121.1,759,NA
2022-06-20,1,2.5,23.8,8.58,10.11,120,760,NA
2022-06-20,1,2.75,23.8,8.56,9.95,118.3,761,NA
2022-06-20,1,3,23.7,8.44,8.26,98,764,NA
2022-06-20,1,3.25,23.6,8.27,7.04,83.1,771,NA
2022-06-23,1,0,25.9,8.68,10.58,130.5,753,NA
2022-06-23,1,0.5,25.9,8.69,10.6,130.7,753,NA
2022-06-23,1,0.75,25.9,8.69,10.65,131.2,753,NA
2022-06-23,1,1,25.9,8.69,10.74,132.2,753,NA
2022-06-23,1,1.25,25.8,8.7,10.89,134.1,753,NA
2022-06-23,1,1.5,25.8,8.7,10.95,134.5,753,NA
2022-06-23,1,1.75,25.8,8.7,10.97,134.8,752,NA
2022-06-23,1,2,25.7,8.69,10.84,133.3,752,NA
2022-06-23,1,2.25,25.7,8.68,10.76,132.3,751,NA
2022-06-23,1,2.5,25.6,8.66,10.62,130.2,753,NA
2022-06-23,1,2.75,24.9,8.33,8.09,97.9,763,NA
2022-06-23,1,3,24.2,7.99,6.21,74.3,790,NA
2022-06-23,1,3.25,23.9,7.86,5.64,67.1,808,NA
2022-06-23,1,3.5,23.6,7.63,3.41,40.2,834,NA
2022-06-28,1,0.5,24.8,8.65,9.61,116.2,748,NA
2022-06-28,1,0.75,24.8,8.65,9.64,116.5,749,NA
2022-06-28,1,1,24.8,8.64,9.63,116.3,749,NA
2022-06-28,1,1.25,24.8,8.64,9.65,116.7,749,NA
2022-06-28,1,1.5,24.8,8.64,9.65,116.6,749,NA
2022-06-28,1,1.75,24.8,8.64,9.64,116.5,748,NA
2022-06-28,1,2,24.8,8.64,9.65,116.6,748,NA
2022-06-28,1,2.25,24.8,8.64,9.64,116.5,748,NA
2022-06-28,1,2.5,24.8,8.64,9.65,116.6,748,NA
2022-06-28,1,2.75,24.8,8.64,9.64,116.5,748,NA
2022-06-28,1,3,24.7,8.65,9.63,116.2,747,NA
2022-07-01,1,0,25.3,8.79,9.5,115.9,745,NA
2022-07-01,1,0.5,25.3,8.79,9.53,116.3,745,NA
2022-07-01,1,0.75,25.3,8.79,9.54,116.4,745,NA
2022-07-01,1,1,25.3,8.79,9.55,116.4,745,NA
2022-07-01,1,1.25,25.3,8.79,9.55,116.4,745,NA
2022-07-01,1,1.5,25.3,8.79,9.55,116.5,745,NA
2022-07-01,1,1.75,25.3,8.79,9.56,116.5,745,NA
2022-07-01,1,2,25.3,8.79,9.56,116.5,744,NA
2022-07-01,1,2.25,25.3,8.79,9.56,116.5,744,NA
2022-07-01,1,2.5,25.2,8.79,9.59,116.8,744,NA
2022-07-01,1,2.75,25.2,8.79,9.65,117.4,744,NA
2022-07-01,1,3,25.1,8.79,9.66,117.4,744,NA
2022-07-05,1,0,26.3,8.89,10.77,133.6,736,NA
2022-07-05,1,0.5,26.2,8.89,10.91,135.1,737,NA
2022-07-05,1,0.75,25.9,8.9,11.29,139.2,737,NA
2022-07-05,1,1,25.6,8.9,11.35,139.2,736,NA
2022-07-05,1,1.25,25.6,8.9,11.42,140.1,736,NA
2022-07-05,1,1.5,25.6,8.9,11.4,139.7,736,NA
2022-07-05,1,1.75,25.5,8.89,11.31,138.5,737,NA
2022-07-05,1,2,25.5,8.87,11.18,136.8,737,NA
2022-07-05,1,2.25,25.5,8.85,10.91,133.3,739,NA
2022-07-05,1,2.5,25.3,8.76,10.43,127.1,750,NA
2022-07-05,1,2.75,24.9,8.44,8.68,105.2,777,NA
2022-07-05,1,3,24.7,8.16,7.14,86.2,807,NA
2022-07-05,1,3.25,24.2,7.78,5.26,63,865,NA
2022-07-07,1,0.5,26.1,8.89,10.5,129.7,722,NA
2022-07-07,1,0.75,26.1,8.89,10.51,130,722,NA
2022-07-07,1,1,26,8.9,10.56,130.4,721,NA
2022-07-07,1,1.25,26,8.91,10.55,130.3,721,NA
2022-07-07,1,1.5,26,8.91,10.52,129.8,721,NA
2022-07-07,1,1.75,25.9,8.91,10.44,128.8,721,NA
2022-07-07,1,2,25.9,8.9,10.35,127.7,721,NA
2022-07-07,1,2.25,25.9,8.89,10.26,126.6,722,NA
2022-07-07,1,2.5,25.9,8.88,10.16,125.3,723,NA
2022-07-07,1,2.75,25.8,8.72,8.69,106.3,739,NA
2022-07-07,1,3,25.2,7.95,5.06,62.1,805,NA
2022-07-07,1,3.25,25.1,7.72,3.4,41.4,822,NA
2022-07-07,1,3.5,24.5,7.32,1.28,17,856,NA
2022-07-11,1,0,25.2,8.74,8.94,108.7,732,NA
2022-07-11,1,0.5,25.2,8.74,8.97,109.1,732,NA
2022-07-11,1,0.75,25.2,8.74,8.98,109.2,732,NA
2022-07-11,1,1,25.2,8.74,8.97,109.1,732,NA
2022-07-11,1,1.25,25.2,8.74,8.97,109.1,732,NA
2022-07-11,1,1.5,25.2,8.74,8.98,109.2,732,NA
2022-07-11,1,1.75,25.2,8.73,8.94,108.7,733,NA
2022-07-11,1,2,25.2,8.73,8.92,108.5,733,NA
2022-07-11,1,2.25,25.2,8.73,8.92,108.4,733,NA
2022-07-11,1,2.5,25.2,8.72,8.91,108.4,733,NA
2022-07-11,1,2.75,25.2,8.72,8.9,108.2,733,NA
2022-07-11,1,3,25.2,8.72,8.89,108.1,733,NA
2022-07-11,1,3.25,25.2,8.71,8.87,107.9,733,NA
2022-07-13,1,0.5,25.5,8.8,9.38,114.8,732,NA
2022-07-13,1,0.75,25.5,8.8,9.4,115,733,NA
2022-07-13,1,1,25.4,8.8,9.44,115.5,732,NA
2022-07-13,1,1.25,25.4,8.79,9.47,115.8,732,NA
2022-07-13,1,1.5,25.4,8.79,9.48,115.8,732,NA
2022-07-13,1,1.75,25.4,8.79,9.54,116.3,733,NA
2022-07-13,1,2,25.3,8.78,9.55,116.4,733,NA
2022-07-13,1,2.25,25.3,8.77,9.55,116.3,734,NA
2022-07-13,1,2.5,25.2,8.76,9.52,116,734,NA
2022-07-13,1,2.75,25.2,8.76,9.49,115.6,734,NA
2022-07-13,1,3,25.2,8.72,9.07,110.3,737,NA
2022-07-13,1,3.25,25,8.59,8.12,97.6,742,NA
2022-07-13,1,3.5,24.5,8.14,6.65,80.8,781,NA
2022-07-18,1,0,26.3,8.88,10.99,136.4,719,NA
2022-07-18,1,0.5,26.3,8.88,11.1,136.8,719,NA
2022-07-18,1,0.75,26.3,8.88,11.12,138,719,NA
2022-07-18,1,1,26.2,8.89,11.1,137.6,718,NA
2022-07-18,1,1.25,26.1,8.9,11.15,138,717,NA
2022-07-18,1,1.5,25.9,8.91,11.13,137.2,716,NA
2022-07-18,1,1.75,25.8,8.9,10.96,134.7,715,NA
2022-07-18,1,2,25.4,8.74,9.16,113.3,720,NA
2022-07-18,1,2.25,25.1,8.64,8.07,97.6,726,NA
2022-07-18,1,2.5,24.8,8.38,6.75,81.7,738,NA
2022-07-18,1,2.75,24.7,8.3,6.35,76.6,740,NA
2022-07-18,1,3,24.5,8.12,6.21,74.7,735,NA
2022-07-21,1,0.5,26.2,8.77,8.53,105.6,723,NA
2022-07-21,1,0.75,26.1,8.79,8.65,107,721,NA
2022-07-21,1,1,26,8.81,8.84,109.1,720,NA
2022-07-21,1,1.25,25.9,8.8,8.77,108.1,720,NA
2022-07-21,1,1.5,25.8,8.76,8.64,106.4,722,NA
2022-07-21,1,1.75,25.8,8.74,8.46,104,724,NA
2022-07-21,1,2,25.7,8.71,8.43,103.6,727,NA
2022-07-21,1,2.25,25.7,8.7,8.44,103.6,727,NA
2022-07-21,1,2.5,25.7,8.69,8.42,103.4,729,NA
2022-07-21,1,2.75,25.6,8.68,8.37,102.6,730,NA
2022-07-21,1,3,25.6,8.62,7.93,97.1,733,NA
2022-07-21,1,3.25,25.5,8.59,7.68,94,736,NA
2022-07-25,1,0,26,8.77,8.4,103.8,731,NA
2022-07-25,1,0.5,26.1,8.77,8.43,104.2,731,NA
2022-07-25,1,0.75,26.1,8.77,8.44,104.3,731,NA
2022-07-25,1,1,26,8.77,8.45,104.4,731,NA
2022-07-25,1,1.25,26,8.77,8.46,104.5,730,NA
2022-07-25,1,1.5,26,8.77,8.46,104.5,730,NA
2022-07-25,1,1.75,25.9,8.76,8.45,104.2,730,NA
2022-07-25,1,2,25.9,8.76,8.43,103.9,731,NA
2022-07-25,1,2.25,25.8,8.74,8.42,103.7,731,NA
2022-07-25,1,2.5,25.8,8.75,8.49,104.4,731,NA
2022-07-25,1,2.75,25.8,8.74,8.53,104.8,731,NA
2022-07-25,1,3,25.7,8.75,8.69,106.8,733,NA
2022-07-25,1,3.25,25.7,8.68,8.17,100.1,742,NA
2022-07-28,1,0.5,25.6,8.79,8.59,105.3,723,NA
2022-07-28,1,0.75,25.6,8.79,8.59,105.4,723,NA
2022-07-28,1,1,25.6,8.79,8.61,105.6,723,NA
2022-07-28,1,1.25,25.6,8.78,8.59,105.5,723,NA
2022-07-28,1,1.5,25.6,8.78,8.6,105.5,723,NA
2022-07-28,1,1.75,25.6,8.78,8.61,105.6,723,NA
2022-07-28,1,2,25.6,8.78,8.64,105.9,723,NA
2022-07-28,1,2.25,25.6,8.78,8.64,105.9,723,NA
2022-07-28,1,2.5,25.6,8.77,8.61,105.5,724,NA
2022-07-28,1,2.75,25.6,8.76,8.55,104.7,724,NA
2022-07-28,1,3,25.5,8.74,8.41,103,725,NA
2022-07-28,1,3.25,25.5,8.74,8.41,103,725,NA
2022-08-02,1,0,25.5,8.81,9.55,116.9,724,NA
2022-08-02,1,0.5,25.6,8.81,9.58,117.3,724,NA
2022-08-02,1,0.75,25.5,8.81,9.62,117.7,723,NA
2022-08-02,1,1,25.5,8.81,9.64,117.8,722,NA
2022-08-02,1,1.25,25.5,8.8,9.61,117.6,722,NA
2022-08-02,1,1.5,25.5,8.8,9.6,117.4,722,NA
2022-08-02,1,1.75,25.5,8.8,9.6,117.4,721,NA
2022-08-02,1,2,25.5,8.8,9.52,116.5,721,NA
2022-08-02,1,2.25,25.5,8.8,9.52,116.5,721,NA
2022-08-02,1,2.5,25.4,8.79,9.44,115.4,720,NA
2022-08-02,1,2.75,25.4,8.76,8.82,107.8,720,NA
2022-08-02,1,3,25.1,8.2,5.31,64.3,749,NA
2022-08-02,1,3.25,24.7,7.8,3.67,44.3,776,NA
2022-08-04,1,0,25.7,8.81,8.84,108.5,723,NA
2022-08-04,1,0.5,25.6,8.81,8.86,108.5,723,NA
2022-08-04,1,0.75,25.6,8.81,8.85,108.6,723,NA
2022-08-04,1,1,25.6,8.81,8.85,108.4,722,NA
2022-08-04,1,1.25,25.5,8.81,8.83,108,721,NA
2022-08-04,1,1.5,25.4,8.81,8.84,108,721,NA
2022-08-04,1,1.75,25.4,8.81,8.83,108,721,NA
2022-08-04,1,2,25.4,8.8,8.84,108,721,NA
2022-08-04,1,2.25,25.3,8.8,8.85,108,721,NA
2022-08-04,1,2.5,25.3,8.79,8.81,107.7,722,NA
2022-08-04,1,2.75,25.2,8.78,8.74,106.3,722,NA
2022-08-04,1,3,25.1,8.78,8.68,105.4,722,NA
2022-08-04,1,3.25,25,8.54,7.9,95.6,737,NA
2022-08-12,1,0,25.4,8.81,9.28,113.3,684,NA
2022-08-12,1,0.5,25.4,8.82,9.34,114.1,685,NA
2022-08-12,1,0.75,25.4,8.83,9.38,114.6,685,NA
2022-08-12,1,1,25.4,8.84,9.38,114.7,685,NA
2022-08-12,1,1.25,25.4,8.84,9.4,114.8,685,NA
2022-08-12,1,1.5,25.4,8.84,9.4,114.9,685,NA
2022-08-12,1,1.75,25.4,8.83,9.4,114.9,685,NA
2022-08-12,1,2,25.4,8.83,9.39,114.9,685,NA
2022-08-12,1,2.25,25.4,8.82,9.38,114.6,685,NA
2022-08-12,1,2.5,25.4,8.8,9.16,111.9,686,NA
2022-08-12,1,2.75,25.4,8.78,9.05,110.5,686,NA
2022-08-12,1,3,25.4,8.52,8.27,101,689,NA
2022-08-12,1,3.25,25,7.44,3.75,45.7,727,NA
2022-08-16,1,0,23.6,8.73,8.91,105.3,715,NA
2022-08-16,1,0.5,23.6,8.73,8.92,105.4,715,NA
2022-08-16,1,0.75,23.6,8.73,8.94,105.5,715,NA
2022-08-16,1,1,23.5,8.73,8.95,105.6,714,NA
2022-08-16,1,1.25,23.5,8.73,8.95,105.5,715,NA
2022-08-16,1,1.5,23.4,8.72,8.94,105.3,714,NA
2022-08-16,1,1.75,23.4,8.72,8.93,105.1,714,NA
2022-08-16,1,2,23.4,8.72,8.91,104.9,714,NA
2022-08-16,1,2.25,23.4,8.71,8.78,103.2,714,NA
2022-08-16,1,2.5,23.3,8.71,8.71,102.4,714,NA
2022-08-16,1,2.75,23.3,8.7,8.65,101.6,714,NA
2022-08-16,1,3,23.2,8.64,8.12,95.1,715,NA
2022-08-16,1,3.25,22.9,7.9,4.63,53.6,742,NA
2022-08-18,1,0,24.2,8.84,10.62,126.3,714,NA
2022-08-18,1,0.5,24.2,8.84,10.66,127.3,713,NA
2022-08-18,1,0.75,24.2,8.83,10.69,127.7,713,NA
2022-08-18,1,1,24.2,8.83,10.71,127.8,714,NA
2022-08-18,1,1.25,24.1,8.82,10.78,128,715,NA
2022-08-18,1,1.5,23.9,8.82,10.99,130.4,715,NA
2022-08-18,1,1.75,23.8,8.82,11.02,130.8,714,NA
2022-08-18,1,2,23.8,8.77,10.6,126.4,715,NA
2022-08-18,1,2.25,23.7,8.72,9.82,116.2,717,NA
2022-08-18,1,2.5,23.6,8.69,9.29,109.4,719,NA
2022-08-18,1,2.75,23.4,8.3,6.94,81.6,744,NA
2022-08-18,1,3,23.3,8.18,6.66,78.3,755,NA
2022-08-18,1,3.25,23.1,7.89,5.46,64.5,792,NA
2022-09-09,1,0,22.6,8.85,10.11,117.1,612,NA
2022-09-09,1,0.5,22.6,8.84,10.23,118.5,612,NA
2022-09-09,1,0.75,22.6,8.84,10.24,118.6,612,NA
2022-09-09,1,1,22.6,8.84,10.23,118.6,612,NA
2022-09-09,1,1.25,22.6,8.84,10.24,118.5,612,NA
2022-09-09,1,1.5,22.6,8.83,10.21,118.3,612,NA
2022-09-09,1,1.75,22.6,8.83,10.2,118.2,612,NA
2022-09-09,1,2,22.6,8.82,10.12,117.2,613,NA
2022-09-09,1,2.25,22.5,8.79,9.82,113.5,614,NA
2022-09-09,1,2.5,21.9,8.45,6.75,77,624,NA
2022-09-09,1,2.75,21.6,8.22,5.86,66.8,634,NA
2022-09-09,1,3,21.4,8.09,5.3,59.9,645,NA
2022-09-09,1,3.25,21.3,7.72,3.47,39,676,NA
2022-09-23,1,0.5,19.6,8.45,8.1,88.7,698,NA
2022-09-23,1,0.75,19.6,8.46,8.1,88.6,698,NA
2022-09-23,1,1,19.6,8.46,8.07,88.3,698,NA
2022-09-23,1,1.25,19.6,8.45,8.05,88.1,698,NA
2022-09-23,1,1.5,19.6,8.44,8,87.6,698,NA
2022-09-23,1,1.75,19.6,8.43,7.94,86.9,698,NA
2022-09-23,1,2,19.6,8.44,7.97,87.1,698,NA
2022-09-23,1,2.25,19.6,8.43,7.89,86.2,698,NA
2022-09-23,1,2.5,19.6,8.42,7.89,86.2,698,NA
2022-09-23,1,2.75,19.6,8.4,7.8,85.4,697,NA
2022-09-23,1,3,19.6,8.39,7.64,83.6,697,NA
2022-09-23,1,3.25,19.5,8.35,7.54,82.4,696,NA
2022-10-19,1,0.5,7.4,8.29,11.37,94.7,748,NA
2022-10-19,1,0.75,7.4,8.3,11.38,94.8,748,NA
2022-10-19,1,1,7.4,8.3,11.39,94.9,748,NA
2022-10-19,1,1.25,7.4,8.3,11.4,94.9,748,NA
2022-10-19,1,1.5,7.4,8.31,11.4,95,749,NA
2022-10-19,1,1.75,7.4,8.31,11.4,95,748,NA
2022-10-19,1,2,7.4,8.32,11.41,95.1,748,NA
2022-10-19,1,2.25,7.3,8.32,11.42,95.1,748,NA
2022-10-19,1,2.5,7.3,8.32,11.43,95.1,748,NA
2022-10-19,1,2.75,7.4,8.36,11.27,93.8,747,NA
2022-10-19,1,3,7.3,8.36,11.38,94.8,748,NA
2022-10-19,1,3.25,7.3,8.36,11.43,95.1,747,NA
2022-10-28,1,0.5,11.4,8.5,11.81,108.4,751,NA
2022-10-28,1,0.75,11.2,8.51,11.94,109,751,NA
2022-10-28,1,1,11.1,8.51,11.96,109,751,NA
2022-10-28,1,1.25,11,8.49,11.95,108.6,753,NA
2022-10-28,1,1.5,10.9,8.5,11.88,107.8,752,NA
2022-10-28,1,1.75,10.9,8.49,11.8,107,751,NA
2022-10-28,1,2,10.8,8.48,11.67,105.7,752,NA
2022-10-28,1,2.25,10.8,8.48,11.64,105.4,752,NA
2022-10-28,1,2.5,10.8,8.47,11.58,104.8,752,NA
2022-10-28,1,2.75,10.8,8.45,11.43,103.5,755,NA
2022-10-28,1,3,10.8,8.45,11.36,102.8,755,NA
2022-10-28,1,3.25,10.7,8.17,10.82,98,779,NA
2023-01-23,1,0.5,3.4,8.48,21.87,164.5,779,NA
2023-01-23,1,0.75,3.9,8.45,22.53,171.7,812,NA
2023-01-23,1,1,4,8.44,22.72,173.8,817,NA
2023-01-23,1,1.25,4.2,8.39,22.64,173.9,820,NA
2023-01-23,1,1.5,4.1,8.13,19.9,153.1,839,NA
2023-01-23,1,1.75,4,7.82,16.93,130.1,856,NA
2023-01-23,1,2,4,7.71,15.46,118.6,864,NA
2023-01-23,1,2.25,4,7.52,14.15,108.3,872,NA
2023-01-23,1,2.5,4,7.42,13.3,101.8,889,NA
2023-01-23,1,2.75,4,7.52,12.5,95.6,946,NA
2023-01-23,1,3,4,7.5,12.46,95.5,988,NA
2023-01-23,1,3.25,4.3,7.26,8.61,67.5,1032,NA
2023-02-10,1,0.5,3.6,8.41,19.77,149.4,805,NA
2023-02-10,1,0.75,4.4,8.37,19.68,152.5,824,NA
2023-02-10,1,1,4.7,8.39,19.3,150.3,848,NA
2023-02-10,1,1.25,4.6,8.37,18.3,142.5,868,NA
2023-02-10,1,1.5,4.5,8.18,16.18,126.3,879,NA
2023-02-10,1,1.75,4.4,8.07,14.28,110.6,890,NA
2023-02-10,1,2,4.4,7.91,12.25,95.1,901,NA
2023-02-10,1,2.25,4.4,7.75,8.71,68,920,NA
2023-02-10,1,2.5,4.5,7.64,5.22,40.6,956,NA
2023-02-10,1,2.75,4.5,7.66,5.32,41.2,976,NA
2023-02-10,1,3,4.2,7.68,5.63,43.3,1018,NA
2023-02-10,1,3.25,3.6,7.9,10.58,79.5,1151,NA
2023-02-17,1,0.5,4.2,8.64,18.94,145.5,830,NA
2023-02-17,1,0.75,4.8,8.53,18.95,148,855,NA
2023-02-17,1,1,5.1,8.49,18.58,146.2,867,NA
2023-02-17,1,1.25,5.2,8.38,17.93,141.5,877,NA
2023-02-17,1,1.5,5.3,8.2,16.46,130.4,896,NA
2023-02-17,1,1.75,5.2,8.03,13.99,110.6,911,NA
2023-02-17,1,2,5.2,7.82,11.4,91,921,NA
2023-02-17,1,2.25,4.9,7.64,11.25,57.7,945,NA
2023-02-17,1,2.5,4.6,7.6,11.97,62.4,947,NA
2023-02-17,1,2.75,4.1,7.82,13.01,100.4,1040,NA
2023-02-17,1,3,3.9,7.69,12.31,94.1,1159,NA
2023-02-17,1,3.25,3.9,7.77,13.52,103.3,1243,NA
2023-02-17,1,3.5,4,7.73,12.92,98.9,1442,NA
2023-03-23,1,0.5,4.5,8.08,14.22,110.3,862,NA
2023-03-23,1,0.75,4.5,8.05,14.27,110.6,852,NA
2023-03-23,1,1,4.5,8.04,14.31,110.9,862,NA
2023-03-23,1,1.25,4.5,8.03,14.84,111.2,862,NA
2023-03-23,1,1.5,4.5,8.03,14.35,111.3,862,NA
2023-03-23,1,1.75,4.5,8.04,14.36,111.3,862,NA
2023-03-23,1,2,4.5,8.05,14.36,111.3,862,NA
2023-03-23,1,2.25,4.5,8.06,14.37,111.4,862,NA
2023-03-23,1,2.5,4.5,8.07,14.38,111.5,862,NA
2023-03-23,1,2.75,4.5,8.07,14.39,111.6,862,NA
2023-03-23,1,3,4.5,8.07,14.39,111.6,862,NA
2023-03-23,1,3.25,4.5,8.07,14.38,111.5,862,NA
2023-03-28,1,0.5,6.4,7.93,14.79,120.4,861,NA
2023-03-28,1,0.75,6.3,7.91,14.82,120.4,861,NA
2023-03-28,1,1,6.4,7.92,14.83,120.6,861,NA
2023-03-28,1,1.25,6.4,7.91,14.84,120.6,861,NA
2023-03-28,1,1.5,6.4,7.91,14.85,120.6,860,NA
2023-03-28,1,1.75,6.3,7.91,14.85,120.6,861,NA
2023-03-28,1,2,6.3,7.91,14.87,120.6,860,NA
2023-03-28,1,2.25,6.2,7.92,14.93,119.9,859,NA
2023-03-28,1,2.5,5.8,7.92,15.04,120.9,859,NA
2023-03-28,1,2.75,5.8,7.91,15.1,120.7,855,NA
2023-03-28,1,3,5.7,7.92,15.15,121.1,858,NA
2023-03-28,1,3.25,5.6,7.93,15.23,121.4,858,NA
2023-04-07,1,0.5,7.3,8.31,12.26,102,824,NA
2023-04-07,1,0.75,7.3,8.33,12.27,102.1,824,NA
2023-04-07,1,1,7.3,8.3,12.28,102.1,824,NA
2023-04-07,1,1.25,7.3,8.28,12.29,102.3,825,NA
2023-04-07,1,1.5,7.3,8.29,12.29,102.2,824,NA
2023-04-07,1,1.75,7.3,8.28,12.29,102.2,824,NA
2023-04-07,1,2,7.2,8.29,12.28,101.9,823,NA
2023-04-07,1,2.25,7.1,8.3,12.27,101.6,824,NA
2023-04-07,1,2.5,7.2,8.3,12.28,101.9,823,NA
2023-04-07,1,2.75,7.1,8.1,12.28,101.7,823,NA
2023-04-07,1,3,7,8.32,12.29,101.6,823,NA
2023-04-07,1,3.25,7,8.3,12.3,101.7,823,NA
2023-04-27,1,0,10.4,8.37,11.91,107.7,869,NA
2023-04-27,1,0.5,10.4,8.32,12.12,107.9,871,NA
2023-04-27,1,0.75,10.3,8.3,12.13,108.5,871,NA
2023-04-27,1,1,10.3,8.29,12.15,108.8,871,NA
2023-04-27,1,1.25,10.3,8.29,12.14,108.6,870,NA
2023-04-27,1,1.5,10.3,8.28,12.14,108.6,871,NA
2023-04-27,1,1.75,10.3,8.28,12.11,108.3,872,NA
2023-04-27,1,2,10.3,8.28,12.2,109.3,872,NA
2023-04-27,1,2.25,10.3,8.28,12.23,109.4,872,NA
2023-04-27,1,2.5,10.3,8.28,12.21,109.3,871,NA
2023-04-27,1,2.75,10.2,8.28,12.16,108.7,870,NA
2023-04-27,1,3,10.2,8.28,12.12,107.7,867,NA
2023-04-27,1,3.25,9.9,8.28,12.12,107.3,867,NA
2023-05-04,1,0.5,11.8,8.43,11.62,107.6,871,NA
2023-05-04,1,0.75,11.8,8.38,11.62,107.5,873,NA
2023-05-04,1,1,11.7,8.33,11.61,107.3,871,NA
2023-05-04,1,1.25,11.7,8.3,11.6,107.3,872,NA
2023-05-04,1,1.5,11.7,8.27,11.6,107.3,872,NA
2023-05-04,1,1.75,11.5,8.24,11.46,104.7,875,NA
2023-05-04,1,2,11,8.25,11.62,105.8,873,NA
2023-05-04,1,2.25,10.8,8.26,11.63,105.1,874,NA
2023-05-04,1,2.5,10.7,8.24,11.67,105.3,873,NA
2023-05-04,1,2.75,10.5,8.21,11.54,103.8,873,NA
2023-05-04,1,3,10.5,8.18,11.48,103.2,872,NA
2023-05-04,1,3.25,10.5,8.16,11.48,102.8,872,NA
2023-05-17,1,0.5,17.2,7.82,9.88,103,866,NA
2023-05-17,1,0.75,17.3,7.81,9.87,103,866,NA
2023-05-17,1,1,17.2,7.81,9.9,103.2,866,NA
2023-05-17,1,1.25,17.2,7.8,9.91,103.3,866,NA
2023-05-17,1,1.5,17.3,7.79,9.9,103.3,866,NA
2023-05-17,1,1.75,17.2,7.78,9.91,103.3,866,NA
2023-05-17,1,2,17.2,7.78,9.91,103.2,866,NA
2023-05-17,1,2.25,17.2,7.78,9.92,103.3,866,NA
2023-05-17,1,2.5,17.2,7.77,9.93,103.4,866,NA
2023-05-17,1,2.75,17.2,7.78,10,104.1,866,NA
2023-05-17,1,3,17.1,7.8,10.24,106.4,865,NA
2023-05-17,1,3.25,17,7.8,10.3,106.9,864,NA
2022-06-06,2,0,21.1,8.9,15.7,176.8,748,NA
2022-06-06,2,0.5,20.7,8.92,17.87,199.2,741,NA
2022-06-09,2,0,19.3,8.7,11.92,129.7,737,NA
2022-06-16,2,0,22.9,8.79,11.82,137.7,723,NA
2022-06-23,2,0,25.6,8.75,11.97,146.9,740,NA
2022-06-23,2,0.5,25,8.71,12.25,148,740,NA
2022-06-28,2,0.5,22.9,8.62,13.36,155.7,772,NA
2022-07-01,2,0,24.6,8.45,9.06,109.1,770,NA
2022-07-01,2,0.5,24.6,8.35,9.07,109.2,773,NA
2022-07-05,2,0,26.2,8.36,8.16,101.3,768,NA
2022-07-05,2,0.5,25.5,8.08,6.62,81,780,NA
2022-07-07,2,0.5,26.4,8.42,8.25,107,737,NA
2022-07-11,2,0,23.7,8.37,6.83,81,751,NA
2022-07-11,2,0.5,23.6,8.15,5.8,68.7,766,NA
2022-07-18,2,0,27.3,8.77,9.24,117,733,NA
2022-07-25,2,0,25.3,8.77,8.97,109.3,710,NA
2022-08-02,2,0,25.8,8.87,10.21,125.7,723,NA
2022-08-02,2,0.5,24.2,8.5,8.37,99.9,754,NA
2022-08-04,2,0,25.1,8.74,8.82,107.2,728,NA
2022-08-04,2,0.5,24.1,8.16,5.13,61,743,NA
2022-08-12,2,0,24.4,8.85,8.71,105.1,681,NA
2022-08-12,2,0.5,24,8.25,5.53,67,697,NA
2022-08-16,2,0,23.1,8.86,9.21,108,710,NA
2022-08-18,2,0,24.2,8.83,8.74,104.4,715,NA
2022-08-18,2,0.5,22.9,8.68,7.04,81.2,722,NA
2022-09-09,2,0,22.6,8.51,7.18,83.2,626,NA
2022-09-09,2,0.5,21.9,8.39,6.85,78.3,643,NA
2022-09-23,2,0.5,16.8,8.5,9.33,96.7,696,NA
2022-10-19,2,0.5,6.3,8.4,12.88,104.5,782,NA
2022-10-28,2,0.5,10,8.44,12.64,112.3,762,NA
2023-01-23,2,0.5,1.3,7.38,19.4,138.7,1007,NA
2023-02-10,2,0.5,1.2,8.16,22.56,159.8,994,NA
2023-02-17,2,0,0.7,8.17,21.75,151.9,1007,NA
2023-02-17,2,0.5,0.7,7.88,18.54,130.6,1358,NA
2023-03-23,2,0.5,4.8,8.37,15.23,119,861,NA
2023-03-28,2,0.5,7.6,8.33,16.37,137.4,933,NA
2023-04-07,2,0.5,7.7,8.44,13.29,111.8,852,NA
2023-04-27,2,0,10.7,8.38,12.77,115.2,870,NA
2023-04-27,2,0.5,10.7,8.34,12.93,116.8,870,NA
2023-05-04,2,0.5,12.7,8.3,15.5,148.3,867,NA
2023-05-17,2,0.5,16.6,8.06,12.42,127.6,860,NA
2022-06-01,3,0.5,20.7,8.66,13.88,153.9,820,NA
2022-06-01,3,0.75,20.7,8.88,16.01,178.8,822,NA
2022-06-06,3,0,20.1,8.3,12.84,142.8,797,NA
2022-06-06,3,0.5,19.8,8.38,17.71,193.7,984,NA
2022-06-09,3,0,18.8,8.43,10.81,116.3,656,NA
2022-06-09,3,0.5,18.1,8.38,10.82,114.2,699,NA
2022-06-09,3,0.75,15.7,7.88,9.5,95.7,710,NA
2022-06-09,3,1,15.4,7.88,9.96,99.6,734,NA
2022-06-13,3,0.5,21.5,8.37,11.23,127.6,811,NA
2022-06-13,3,0.75,21.1,8.12,9.73,110,831,NA
2022-06-13,3,1,20.8,7.96,8.3,92.8,838,NA
2022-06-16,3,0,23.4,8.05,6.43,75.7,670,NA
2022-06-16,3,0.5,23.4,8.1,6.7,78.7,684,NA
2022-06-16,3,0.75,23.4,8.3,6.99,81.9,695,NA
2022-06-16,3,1,23.4,8.38,8.21,96.5,721,NA
2022-06-16,3,1.25,23.3,8.51,9.13,107.3,752,NA
2022-06-16,3,1.5,23.1,8.54,9.24,108.2,773,NA
2022-06-20,3,0.5,23.3,8.37,11.41,133.7,749,NA
2022-06-20,3,0.75,23.1,8,9.51,111.4,874,NA
2022-06-23,3,0,25.9,8.66,11.7,144.4,774,NA
2022-06-23,3,0.5,25.8,8.34,11.2,137.5,826,NA
2022-06-23,3,0.75,24.7,8.01,11.44,138,940,NA
2022-06-23,3,1,24.4,7.85,11.92,142.6,1067,NA
2022-06-28,3,0.5,25,8.6,12.1,146.8,777,NA
2022-06-28,3,0.75,24.5,8.47,11.43,137.4,787,NA
2022-06-28,3,1,23.8,8.19,11.4,135.5,841,NA
2022-07-01,3,0,25.4,8.67,10.39,127.1,765,NA
2022-07-01,3,0.5,25.5,8.7,10.87,133.1,765,NA
2022-07-01,3,0.75,25.4,8.69,10.66,130.3,765,NA
2022-07-01,3,1,25.4,8.65,10.13,123.8,766,NA
2022-07-05,3,0,26.5,8.88,12.61,157.9,764,NA
2022-07-05,3,0.5,24.8,8.51,14.28,172.8,891,NA
2022-07-05,3,0.75,23.5,8.26,17.57,206.5,1101,NA
2022-07-07,3,0.5,27.9,8.52,11.13,135.6,640,NA
2022-07-07,3,0.75,22.7,7.75,5.46,65.1,592,NA
2022-07-11,3,0,24.2,8.21,8.04,96.2,778,NA
2022-07-11,3,0.5,24.1,8.18,8.15,97.2,788,NA
2022-07-11,3,0.75,22.8,7.66,5.54,64.7,890,NA
2022-07-11,3,1,22,7.5,4.45,51.1,973,NA
2022-07-13,3,0.5,24.5,8.21,9.74,117.1,849,NA
2022-07-13,3,0.75,22.2,7.59,4.7,54.5,1030,NA
2022-07-18,3,0,27.6,8.67,12.18,154.4,781,NA
2022-07-18,3,0.5,26.4,8.52,11.64,144.5,804,NA
2022-07-18,3,0.75,23.9,7.69,8.16,98.1,931,NA
2022-07-21,3,0,26,8.05,9.48,116.9,835,NA
2022-07-21,3,0.5,25.5,7.88,8.06,98.4,860,NA
2022-07-21,3,0.75,24.4,7.43,4.77,57.1,875,NA
2022-07-21,3,1,24.1,7.34,3.87,46.2,867,NA
2022-07-25,3,0,25.6,8.59,10.31,126.2,757,NA
2022-07-25,3,0.5,24.8,8.69,10.89,131.8,758,NA
2022-07-25,3,0.75,24.2,7.8,6.9,81,829,NA
2022-07-28,3,0.5,25.3,8.27,9.81,120,827,NA
2022-07-28,3,0.75,24.3,7.85,7.52,91.1,875,NA
2022-07-28,3,1,23.4,7.64,6.62,78,889,NA
2022-08-02,3,0,25.3,8.59,10.98,132.3,806,NA
2022-08-02,3,0.5,25,8.56,11.09,134.5,806,NA
2022-08-02,3,0.75,23.9,7.69,6.14,72.4,984,NA
2022-08-04,3,0,24.6,8.38,9.01,108.4,809,NA
2022-08-04,3,0.5,24.2,8.21,8.31,99.3,825,NA
2022-08-04,3,0.75,23.6,7.57,4.5,52.9,931,NA
2022-08-04,3,1,23.4,7.4,3.56,42.2,978,NA
2022-08-04,3,1.25,23.4,6.93,0.4,4.8,950,NA
2022-08-12,3,0,24.4,8.71,10.07,120.5,708,NA
2022-08-12,3,0.5,24.4,8.71,10.08,121,710,NA
2022-08-12,3,0.75,24.4,8.32,9.12,110,727,NA
2022-08-12,3,1,23.9,7.51,2.42,27.8,913,NA
2022-08-12,3,1.25,22.9,7.44,2.22,26.1,915,NA
2022-08-16,3,0,23.5,8.77,11.35,133.9,746,NA
2022-08-16,3,0.5,23.4,8.73,11.29,132.9,752,NA
2022-08-16,3,0.75,22.8,8.47,9.11,106.3,785,NA
2022-08-16,3,1,21.5,7.76,4.86,55.1,889,NA
2022-08-16,3,1.25,21.6,7.75,5.11,58.4,877,NA
2022-08-18,3,0,24.9,8.99,14.41,174.9,740,NA
2022-08-18,3,0.5,24.5,8.84,12.39,150.7,749,NA
2022-08-18,3,0.75,24.2,8.46,9.64,115.6,807,NA
2022-08-18,3,1,23.2,8.12,6.83,80.6,857,NA
2022-08-18,3,1.25,22.6,7.93,5.52,64.1,881,NA
2022-09-09,3,0,22.8,8.15,6.76,87.7,645,NA
2022-09-09,3,0.5,22.2,7.89,4.57,53,650,NA
2022-09-09,3,0.75,22.1,7.79,3.72,43,653,NA
2022-09-09,3,1,21.8,7.67,2.89,33.1,663,NA
2022-09-23,3,0.5,18.6,8.02,7.92,85,739,NA
2022-09-23,3,0.75,18.5,7.91,7.52,80.6,755,NA
2022-09-23,3,1,18,7.75,6.93,73.7,783,NA
2022-09-23,3,1.25,16.4,7.59,6.9,70.6,842,NA
2022-10-19,3,0.5,7.5,8.45,11.91,99.6,743,NA
2022-10-19,3,0.75,7.5,8.45,11.94,99.8,743,NA
2022-10-19,3,1,7.4,8.46,11.99,100.1,743,NA
2022-10-19,3,1.25,7.5,8.47,12.22,101.7,743,NA
2022-10-28,3,0.5,10,8.34,12.75,113.2,790,NA
2022-10-28,3,0.75,9.7,8.34,12.97,114.2,795,NA
2022-10-28,3,1,9.1,7.83,13.26,115.2,1022,NA
2022-10-28,3,1.25,9.1,7.84,13.32,115.8,1013,NA
2023-01-23,3,0.5,2.4,8.49,21.97,161,797,NA
2023-01-23,3,0.75,2.5,8.42,21.91,161.6,829,NA
2023-01-23,3,1,2,7.69,14.55,107.2,1128,NA
2023-02-10,3,0.5,2.5,8.35,19.68,144.4,816,NA
2023-02-10,3,0.75,2.8,8.29,19.56,144.6,853,NA
2023-02-10,3,1,2.6,7.88,17.63,130.7,1027,NA
2023-02-10,3,1.25,2.6,7.78,16.02,118.3,1271,NA
2023-02-17,3,0.5,1.6,8.16,17.86,128.3,930,NA
2023-02-17,3,0.75,1.3,7.84,15.41,109.8,1075,NA
2023-02-17,3,1,1,7.59,12.9,91.1,1292,NA
2023-03-23,3,0.5,5.1,8.55,14.85,117,864,NA
2023-03-23,3,0.75,5.1,8.54,14.93,117.6,864,NA
2023-03-23,3,1,5.1,8.56,15.21,118.8,863,NA
2023-03-28,3,0.5,7.4,8.13,15.87,132.3,863,NA
2023-03-28,3,0.75,7.3,8.1,15.9,131.9,865,NA
2023-03-28,3,1,7,8.05,15.95,131.6,882,NA
2023-04-07,3,0.5,7.1,8.4,12.64,104.7,845,NA
2023-04-07,3,0.75,7.1,8.42,12.71,105.2,845,NA
2023-04-07,3,1,7,8.39,12.87,106.4,849,NA
2023-04-27,3,0,10.8,8.45,14.85,134.1,888,NA
2023-04-27,3,0.5,10.8,8.43,14.95,135.3,888,NA
2023-04-27,3,0.75,10.8,8.41,15.13,136.8,888,NA
2023-04-27,3,1,10.8,8.4,15.15,137.1,887,NA
2023-05-04,3,0.5,12.5,8.39,13.92,131.1,868,NA
2023-05-04,3,0.75,12.5,8.32,13.91,131.1,867,NA
2023-05-04,3,1,12.4,8.31,14.05,130.9,868,NA
2023-05-17,3,0.5,16.1,8.02,12.48,126.8,850,NA
2023-05-17,3,0.75,16,7.99,12.67,128.6,850,NA
2023-05-17,3,1,16,8.01,13.07,132.6,850,NA
2022-06-01,4,0.5,21.3,8.76,12.44,140.7,803,NA
2022-06-01,4,0.75,21.3,8.8,12.84,145.3,792,NA
2022-06-01,4,1,21,8.75,12.74,144,803,NA
2022-06-01,4,1.25,20.9,8.73,11.96,134,804,NA
2022-06-06,4,0,21.3,8.81,14.35,162.1,772,NA
2022-06-06,4,0.5,21.2,8.82,14.58,163.9,796,NA
2022-06-06,4,0.75,21.1,9.04,20.9,243.9,748,NA
2022-06-09,4,0,20.5,8.62,10.98,122.1,777,NA
2022-06-09,4,0.5,20.4,8.61,10.91,121,777,NA
2022-06-09,4,0.75,20.3,8.62,11.68,129.4,777,NA
2022-06-09,4,1,19.9,8.9,15.75,171.5,766,NA
2022-06-09,4,1.25,19.8,8.86,13.04,142.6,760,NA
2022-06-13,4,0.5,21.6,8.78,12.58,143.2,778,NA
2022-06-13,4,0.75,21.6,8.77,12.65,144,777,NA
2022-06-13,4,1,21.6,8.78,12.72,144.8,777,NA
2022-06-13,4,1.25,21.5,8.82,13.66,154.7,773,NA
2022-06-13,4,1.5,21.1,8.88,14.75,166,768,NA
2022-06-13,4,1.75,20.9,8.85,14.29,160.2,764,NA
2022-06-16,4,0,23.9,8.68,10.71,127.2,756,NA
2022-06-16,4,0.5,23.9,8.7,10.99,130.1,755,NA
2022-06-16,4,0.75,23.8,8.73,11.9,142.2,754,NA
2022-06-20,4,0.5,23.2,8.74,13.16,154.4,724,NA
2022-06-23,4,0,26.1,8.74,11.58,143.4,750,NA
2022-06-23,4,0.5,25.7,8.78,12.3,150.8,749,NA
2022-06-23,4,0.75,25.3,8.9,13.88,166,741,NA
2022-06-28,4,0.5,24.9,8.7,11.46,138.7,760,NA
2022-07-01,4,0,25.4,8.67,10.39,127.1,765,NA
2022-07-01,4,0.5,25.5,8.7,10.87,133.1,765,NA
2022-07-01,4,0.75,25.4,8.69,10.66,130.3,765,NA
2022-07-01,4,1,25.4,8.65,10.13,123.8,766,NA
2022-07-05,4,0,27.1,8.91,11.45,144.2,740,NA
2022-07-05,4,0.5,26.6,8.88,11.42,142.7,742,NA
2022-07-05,4,0.75,25.6,8.52,9.06,111,764,NA
2022-07-07,4,0.5,27,8.93,10.61,133.2,706,NA
2022-07-07,4,0.75,26.9,8.79,10.02,125,711,NA
2022-07-11,4,0,24.9,8.55,7.12,86.3,723,NA
2022-07-11,4,0.5,24.9,8.52,6.87,83.4,726,NA
2022-07-11,4,0.75,24.8,8.43,6.37,77.2,727,NA
2022-07-13,4,0.5,24,7.74,4.95,59,774,NA
2022-07-18,4,0,27.1,8.93,12.33,155.1,716,NA
2022-07-18,4,0.5,26.5,8.89,11.83,147.4,715,NA
2022-07-21,4,0.5,25.5,8.46,9.72,118.4,741,NA
2022-07-25,4,0,25.9,8.54,7.3,90.6,708,NA
2022-07-25,4,0.5,25.3,8.29,6,73.2,727,NA
2022-07-25,4,0.75,24.6,7.69,4.4,53,735,NA
2022-07-28,4,0.5,25.8,8.85,10.59,135.3,723,NA
2022-08-02,4,0,25.8,8.84,10.3,126.7,721,NA
2022-08-02,4,0.5,25.4,8.44,7.53,90.8,734,NA
2022-08-04,4,0,25,8.62,7.37,89.3,730,NA
2022-08-04,4,0.5,24.5,8.18,3.56,42.5,740,NA
2022-08-04,4,0.75,24.3,7.92,2.63,31.5,746,NA
2022-08-12,4,0,24.7,8.92,10.87,131.4,685,NA
2022-08-12,4,0.5,24.7,8.83,9.93,120.3,689,NA
2022-08-12,4,0.75,24,7.87,4.12,52.1,708,NA
2022-08-16,4,0,23.9,8.77,10.37,124.3,714,NA
2022-08-16,4,0.5,23.8,8.71,9.3,110.5,717,NA
2022-08-16,4,0.75,23.3,8.16,4.5,52.6,727,NA
2022-08-18,4,0,24.9,8.94,11.54,139.6,714,NA
2022-08-18,4,0.5,24.3,8.7,8.38,100.1,721,NA
2022-08-18,4,0.75,23.8,8.18,4.36,52.3,733,NA
2022-09-09,4,0,23.9,8.88,11.83,140.3,624,NA
2022-09-09,4,0.5,22.8,8.23,6.86,80.2,640,NA
2022-09-09,4,0.75,22.6,7.84,3.83,44.6,652,NA
2022-09-23,4,0.5,19.2,8.31,7.95,86.2,684,NA
2022-09-23,4,0.75,18.4,7.95,5.66,60.5,696,NA
2022-10-19,4,0.5,7.4,8.36,11.76,97.7,764,NA
2022-10-19,4,0.75,7.1,8.36,11.69,96.8,764,NA
2022-10-28,4,0.5,10.5,8.28,11.23,101,767,NA
2022-10-28,4,0.75,10.1,8.05,10.08,89.7,778,NA
2023-01-23,4,0.5,3.5,8.43,23.58,178,774,NA
2023-01-23,4,0.75,3.8,7.93,19.82,151.3,789,NA
2023-02-10,4,0.5,3.4,8.01,21.31,160.6,788,NA
2023-02-10,4,0.75,3.7,7.89,20.58,156.5,803,NA
2023-02-17,4,0.5,2.9,7.76,20.54,151.2,801,NA
2023-02-17,4,0.75,4.1,7.54,18.25,141.2,826,NA
2023-03-23,4,0.5,5.5,8.5,15.32,122.6,873,NA
2023-03-23,4,0.75,5.6,8.49,15.59,124.5,873,NA
2023-03-28,4,0.5,7.9,8.05,16.79,141.6,847,NA
2023-03-28,4,0.75,7.8,8.04,16.75,141.1,847,NA
2023-04-07,4,0.5,7.4,8.59,13.03,108.5,820,NA
2023-04-07,4,0.75,7.4,8.6,13.18,109.8,820,NA
2023-04-27,4,0,10.2,8.34,16.99,151.5,972,NA
2023-04-27,4,0.5,10.2,8.27,17.15,153.2,970,NA
2023-04-27,4,0.75,10.6,8.37,17.33,156.1,928,NA
2023-05-04,4,0.5,14.9,8.5,18.22,180.7,853,NA
2023-05-04,4,0.75,14.9,8.47,19.46,190.3,851,NA
2023-05-17,4,0.5,15.4,8.32,11.29,113.4,862,NA
2023-05-17,4,0.75,15.5,8.28,12.2,122.6,858,NA
2022-06-06,5,0,20.7,8.55,9.31,104,807,NA
2022-06-06,5,0.5,20.6,8.55,9.3,103.8,807,NA
2022-06-06,5,0.75,20.7,8.55,9.32,104.1,807,NA
2022-06-06,5,1,20.7,8.54,9.32,103.2,807,NA
2022-06-06,5,1.25,20.6,8.53,9.28,103.6,807,NA
2022-06-06,5,1.5,20.6,8.52,9.27,103.5,807,NA
2022-06-06,5,1.75,20.6,8.51,9.17,102.3,807,NA
2022-06-06,5,2,20.6,8.5,9.07,101.2,807,NA
2022-06-06,5,2.25,20.6,8.49,8.91,99.3,807,NA
2022-06-06,5,2.5,20.5,8.47,8.66,96.5,806,NA
2022-06-06,5,2.75,20.4,8.42,8.06,89.6,807,NA
2022-06-06,5,3,20.4,8.33,6.88,76.3,810,NA
2022-06-09,5,0,20.7,8.47,8.63,96.4,801,NA
2022-06-09,5,0.5,20.7,8.47,8.63,96.4,801,NA
2022-06-09,5,0.75,20.7,8.47,8.63,96.3,801,NA
2022-06-09,5,1,20.6,8.47,8.61,96,801,NA
2022-06-09,5,1.25,20.6,8.47,8.61,96,801,NA
2022-06-09,5,1.5,20.6,8.46,8.58,95.6,801,NA
2022-06-09,5,1.75,20.5,8.46,8.55,95.2,801,NA
2022-06-09,5,2,20.3,8.46,8.43,93.3,800,NA
2022-06-09,5,2.25,20.1,8.43,7.82,86.2,800,NA
2022-06-09,5,2.5,20,8.4,7.31,80.3,799,NA
2022-06-13,5,0.5,20.8,8.63,10.55,118.2,781,NA
2022-06-13,5,0.75,20.8,8.63,10.58,118.4,781,NA
2022-06-13,5,1,20.8,8.63,10.61,118.7,781,NA
2022-06-13,5,1.25,20.8,8.64,10.64,118.9,781,NA
2022-06-13,5,1.5,20.7,8.64,10.7,119.5,781,NA
2022-06-13,5,1.75,20.7,8.64,10.71,119.7,781,NA
2022-06-13,5,2,20.6,8.65,10.82,120.6,782,NA
2022-06-13,5,2.25,20.5,8.63,10.61,118.1,784,NA
2022-06-13,5,2.5,20.4,8.59,10.19,113.2,786,NA
2022-06-17,5,0,24.8,8.71,9.25,111.6,767,NA
2022-06-17,5,0.5,24.8,8.71,9.26,111.8,767,NA
2022-06-17,5,0.75,24.8,8.71,9.27,112,767,NA
2022-06-17,5,1,24.7,8.7,9.28,112,767,NA
2022-06-17,5,1.25,24.7,8.7,9.28,112,768,NA
2022-06-17,5,1.5,24.7,8.7,9.28,111.8,768,NA
2022-06-17,5,1.75,24.6,8.69,9.26,111.5,769,NA
2022-06-17,5,2,24.4,8.68,9.25,110.9,770,NA
2022-06-17,5,2.25,24.3,8.67,9.14,109.6,771,NA
2022-06-17,5,2.5,24.2,8.65,8.93,106.8,771,NA
2022-06-17,5,2.75,24.2,8.63,8.66,103.6,773,NA
2022-06-20,5,0.5,24.5,8.67,10.57,126.3,758,NA
2022-06-20,5,0.75,24.5,8.67,10.51,126.3,758,NA
2022-06-20,5,1,24.5,8.67,10.54,126.5,757,NA
2022-06-20,5,1.25,24.5,8.66,10.56,126.8,757,NA
2022-06-20,5,1.5,24.4,8.65,10.5,125.6,755,NA
2022-06-20,5,1.75,24.1,8.63,10.25,122.3,754,NA
2022-06-20,5,2,24.1,8.61,10.11,120.6,755,NA
2022-06-20,5,2.25,24,8.6,9.82,117,756,NA
2022-06-20,5,2.5,23.9,8.53,8.76,104.2,760,NA
2022-06-23,5,0,26.9,8.73,11.18,140.3,744,NA
2022-06-23,5,0.5,26.6,8.73,11.28,140.7,743,NA
2022-06-23,5,0.75,26.3,8.72,11.15,138.5,745,NA
2022-06-23,5,1,26.2,8.71,11.05,137,747,NA
2022-06-23,5,1.25,26.2,8.7,11.03,136.5,747,NA
2022-06-23,5,1.5,26.1,8.7,10.98,135.8,748,NA
2022-06-23,5,1.75,26.1,8.69,10.91,135,748,NA
2022-06-23,5,2,26,8.67,10.62,131,749,NA
2022-06-23,5,2.25,26,8.62,10.17,125.5,753,NA
2022-06-23,5,2.5,25.8,8.49,8.67,106.4,758,NA
2022-06-28,5,0.5,24.8,8.81,9.85,119,731,NA
2022-06-28,5,0.75,24.8,8.81,9.87,119.2,731,NA
2022-06-28,5,1,24.8,8.81,9.88,119.3,731,NA
2022-06-28,5,1.25,24.7,8.82,9.96,120.1,730,NA
2022-06-28,5,1.5,24.7,8.82,9.97,120.3,729,NA
2022-06-28,5,1.75,24.6,8.84,10.1,121.4,726,NA
2022-06-28,5,2,24.5,8.85,10.21,122.8,725,NA
2022-06-28,5,2.25,24.5,8.85,10.22,122.6,725,NA
2022-06-28,5,2.5,24.4,8.84,10.22,122.6,725,NA
2022-07-01,5,0,25.4,8.92,10.01,122.3,728,NA
2022-07-01,5,0.5,25.4,8.92,10.03,122.5,729,NA
2022-07-01,5,0.75,25.4,8.92,10.04,122.6,729,NA
2022-07-01,5,1,25.4,8.92,10.05,122.8,729,NA
2022-07-01,5,1.25,25.4,8.92,10.05,122.8,729,NA
2022-07-01,5,1.5,25.4,8.91,10,122.2,729,NA
2022-07-01,5,1.75,25.4,8.91,10.01,122.3,730,NA
2022-07-01,5,2,25.4,8.9,9.95,121.6,731,NA
2022-07-01,5,2.25,25.4,8.89,9.9,120.9,731,NA
2022-07-01,5,2.5,25.3,8.89,9.87,120.5,731,NA
2022-07-01,5,2.75,25.3,8.88,9.84,120.1,731,NA
2022-07-05,5,0,26.3,8.86,9.56,118.7,731,NA
2022-07-05,5,0.5,26.2,8.88,9.78,121.1,731,NA
2022-07-05,5,0.75,26,8.89,9.97,122.9,729,NA
2022-07-05,5,1,25.8,8.87,9.97,122.6,731,NA
2022-07-05,5,1.25,25.7,8.86,9.91,121.6,734,NA
2022-07-05,5,1.5,25.6,8.85,9.91,121.5,735,NA
2022-07-05,5,1.75,25.6,8.83,9.75,119.5,736,NA
2022-07-05,5,2,25.6,8.83,9.66,118.4,736,NA
2022-07-05,5,2.25,25.6,8.77,7.98,97.7,739,NA
2022-07-05,5,2.5,25.3,8.31,3.88,47.2,766,NA
2022-07-07,5,0.5,26.4,8.85,9.75,121.1,730,NA
2022-07-07,5,0.75,26.2,8.84,9.73,120,732,NA
2022-07-07,5,1,25.9,8.84,9.71,119.6,733,NA
2022-07-07,5,1.25,25.8,8.84,9.72,119.5,732,NA
2022-07-07,5,1.5,25.7,8.82,9.56,118,733,NA
2022-07-07,5,1.75,25.6,8.81,9.33,114.8,734,NA
2022-07-07,5,2,25.6,8.78,9.14,112.1,736,NA
2022-07-07,5,2.25,25.6,8.63,8.46,109.1,742,NA
2022-07-07,5,2.5,25.4,8.31,6.23,76.4,760,NA
2022-07-07,5,2.75,25.3,8.11,4.5,56.2,786,NA
2022-07-11,5,0,25.1,8.76,8.95,108.8,731,NA
2022-07-11,5,0.5,25.2,8.76,9.01,109.6,731,NA
2022-07-11,5,0.75,25.1,8.76,9.03,109.8,731,NA
2022-07-11,5,1,25.1,8.76,9.03,109.8,731,NA
2022-07-11,5,1.25,25.2,8.75,9.04,109.9,731,NA
2022-07-11,5,1.5,25.2,8.75,9.03,109.8,731,NA
2022-07-11,5,1.75,25.2,8.75,9.04,109.9,731,NA
2022-07-11,5,2,25.2,8.74,9.03,109.8,731,NA
2022-07-11,5,2.25,25.2,8.74,9.02,109.7,731,NA
2022-07-11,5,2.5,25.2,8.74,9.02,109.7,731,NA
2022-07-11,5,2.75,25.2,8.73,9.01,109.6,731,NA
2022-07-13,5,0.5,25.7,8.87,9.32,114.5,726,NA
2022-07-13,5,0.75,25.7,8.87,9.35,114.7,726,NA
2022-07-13,5,1,25.7,8.87,9.35,114.8,726,NA
2022-07-13,5,1.25,25.6,8.87,9.39,115.2,726,NA
2022-07-13,5,1.5,25.6,8.86,9.41,115.3,726,NA
2022-07-13,5,1.75,25.4,8.83,9.37,114.4,729,NA
2022-07-13,5,2,25.3,8.82,9.3,113.4,730,NA
2022-07-13,5,2.25,25.3,8.81,9.26,112.8,730,NA
2022-07-13,5,2.5,25.3,8.81,9.2,112.3,730,NA
2022-07-18,5,0,26.2,8.81,10.48,129,723,NA
2022-07-18,5,0.5,26.1,8.81,10.61,131.2,723,NA
2022-07-18,5,0.75,26.2,8.81,10.6,131.4,723,NA
2022-07-18,5,1,26.1,8.81,10.67,131.8,722,NA
2022-07-18,5,1.25,26,8.82,10.72,132.4,722,NA
2022-07-18,5,1.5,26,8.82,10.77,133,722,NA
2022-07-18,5,1.75,25.5,8.82,10.61,129.9,719,NA
2022-07-18,5,2,25.4,8.81,10.29,125.6,719,NA
2022-07-18,5,2.25,25.1,8.7,8.2,100.3,720,NA
2022-07-18,5,2.5,24.9,8.59,6.88,85.3,723,NA
2022-07-21,5,0.5,25.9,8.88,8.62,106.3,713,NA
2022-07-21,5,0.75,25.9,8.87,8.63,106.4,713,NA
2022-07-21,5,1,25.9,8.87,8.63,106.4,713,NA
2022-07-21,5,1.25,25.9,8.87,8.63,106.3,713,NA
2022-07-21,5,1.5,25.9,8.87,8.63,106.4,713,NA
2022-07-21,5,1.75,25.9,8.86,8.54,105.2,713,NA
2022-07-21,5,2,25.9,8.86,8.37,102.9,712,NA
2022-07-21,5,2.25,25.8,8.85,8.29,102.1,713,NA
2022-07-21,5,2.5,25.8,8.84,8.02,98.7,712,NA
2022-07-25,5,0,26.1,8.88,8.47,104.8,716,NA
2022-07-25,5,0.5,26.1,8.87,8.51,105.3,717,NA
2022-07-25,5,0.75,26.1,8.87,8.51,105.4,717,NA
2022-07-25,5,1,26.1,8.87,8.53,105.5,717,NA
2022-07-25,5,1.25,26.1,8.87,8.54,105.6,717,NA
2022-07-25,5,1.5,26.1,8.88,8.52,105.3,717,NA
2022-07-25,5,1.75,26,8.88,8.5,105.1,716,NA
2022-07-25,5,2,26,8.87,8.49,104.9,716,NA
2022-07-25,5,2.25,26,8.87,8.49,105,716,NA
2022-07-25,5,2.5,26,8.86,8.34,102.9,715,NA
2022-07-25,5,2.75,26,8.85,8.28,102.2,715,NA
2022-07-28,5,0.5,25.9,9.03,9.15,112.7,706,NA
2022-07-28,5,0.75,25.9,9.03,9.15,112.7,706,NA
2022-07-28,5,1,25.9,9.03,9.17,113.1,706,NA
2022-07-28,5,1.25,25.9,9.04,9.21,113.5,706,NA
2022-07-28,5,1.5,25.9,9.03,9.24,113.8,706,NA
2022-07-28,5,1.75,25.9,9.03,9.23,113.8,706,NA
2022-07-28,5,2,25.9,9.03,9.25,114,705,NA
2022-07-28,5,2.25,25.9,9.03,9.28,114.2,705,NA
2022-07-28,5,2.5,25.7,9.02,9.26,113.9,705,NA
2022-08-02,5,0,25.7,8.94,9.38,115.2,710,NA
2022-08-02,5,0.5,25.7,8.93,9.46,116.2,710,NA
2022-08-02,5,0.75,25.7,8.92,9.47,116.2,710,NA
2022-08-02,5,1,25.7,8.92,9.49,116.5,710,NA
2022-08-02,5,1.25,25.7,8.92,9.51,116.7,710,NA
2022-08-02,5,1.5,25.7,8.91,9.56,117.2,711,NA
2022-08-02,5,1.75,25.6,8.89,9.7,119,712,NA
2022-08-02,5,2,25.5,8.86,9.75,119.2,713,NA
2022-08-02,5,2.25,25.5,8.85,9.69,118.6,714,NA
2022-08-02,5,2.5,25.5,8.84,9.61,117.6,715,NA
2022-08-02,5,2.75,25.5,8.81,9.29,113.4,718,NA
2022-08-04,5,0,25.8,8.87,8.47,104.3,715,NA
2022-08-04,5,0.5,25.8,8.86,8.52,104.8,716,NA
2022-08-04,5,0.75,25.8,8.86,8.55,105.1,716,NA
2022-08-04,5,1,25.7,8.59,8.59,105.5,717,NA
2022-08-04,5,1.25,25.7,8.86,8.59,105.5,717,NA
2022-08-04,5,1.5,25.6,8.91,8.63,105.5,714,NA
2022-08-04,5,1.75,25.5,8.91,8.59,105.1,711,NA
2022-08-04,5,2,25.5,8.93,9.74,106.9,709,NA
2022-08-04,5,2.25,25.5,8.93,8.85,108.3,709,NA
2022-08-04,5,2.5,25.5,8.92,8.76,107.1,710,NA
2022-08-04,5,2.75,25.5,8.92,8.76,107.1,710,NA
2022-08-12,5,0,25.1,8.8,8.52,103.5,689,NA
2022-08-12,5,0.5,25.1,8.8,8.53,103.6,689,NA
2022-08-12,5,0.75,25.1,8.8,8.53,103.6,689,NA
2022-08-12,5,1,25.1,8.8,8.52,103.5,689,NA
2022-08-12,5,1.25,25.1,8.8,8.52,103.5,690,NA
2022-08-12,5,1.5,25.1,8.8,8.52,103.5,690,NA
2022-08-12,5,1.75,25.1,8.8,8.51,103.4,690,NA
2022-08-12,5,2,25.1,8.79,8.51,103.3,689,NA
2022-08-12,5,2.25,25.1,8.79,8.52,103.4,689,NA
2022-08-12,5,2.5,25.1,8.79,8.51,103.4,689,NA
2022-08-16,5,0,23.4,8.69,8.65,101.9,716,NA
2022-08-16,5,0.5,23.4,8.69,8.65,101.8,716,NA
2022-08-16,5,0.75,23.4,8.68,8.57,100.8,716,NA
2022-08-16,5,1,23.4,8.68,8.54,100.5,716,NA
2022-08-16,5,1.25,23.2,8.66,8.32,97.6,716,NA
2022-08-16,5,1.5,23.2,8.64,8.08,94.7,716,NA
2022-08-16,5,1.75,23.1,8.62,7.85,92,717,NA
2022-08-16,5,2,23.1,8.62,7.82,91.5,717,NA
2022-08-16,5,2.25,23.1,8.61,7.71,90.2,718,NA
2022-08-16,5,2.5,23.1,8.6,7.8,91.4,717,NA
2022-08-16,5,2.75,23.1,8.62,7.76,90.2,717,NA
2022-08-18,5,0.5,24.4,8.85,10.59,127,716,NA
2022-08-18,5,0.75,24.4,8.85,10.61,127.3,716,NA
2022-08-18,5,1,24.4,8.85,10.63,127.5,716,NA
2022-08-18,5,1.25,24.4,8.85,10.64,127.6,716,NA
2022-08-18,5,1.5,24.4,8.85,10.66,127.7,715,NA
2022-08-18,5,1.75,24,8.85,10.67,127,714,NA
2022-08-18,5,2,23.5,8.81,9.88,117.2,714,NA
2022-08-18,5,2.25,23.4,8.78,9.36,111,715,NA
2022-08-18,5,2.5,23.3,8.77,9.06,106.6,715,NA
2022-09-09,5,0,22.9,8.91,10.25,119.5,612,NA
2022-09-09,5,0.5,22.9,8.9,10.27,119.8,612,NA
2022-09-09,5,0.75,22.9,8.9,10.29,120,612,NA
2022-09-09,5,1,22.9,8.9,10.3,120.1,612,NA
2022-09-09,5,1.25,22.9,8.89,10.32,120.3,612,NA
2022-09-09,5,1.5,22.9,8.89,10.32,120.2,612,NA
2022-09-09,5,1.75,22.9,8.89,10.25,119.5,612,NA
2022-09-09,5,2,22.7,8.79,9.06,105.1,614,NA
2022-09-09,5,2.25,22.3,8.53,5.69,65.2,620,NA
2022-09-09,5,2.5,22.2,8.32,4.08,47.2,626,NA
2022-09-23,5,0.5,19.6,8.61,8.38,91.7,683,NA
2022-09-23,5,0.75,19.6,8.61,8.37,91.5,683,NA
2022-09-23,5,1,19.6,8.61,8.37,91.6,683,NA
2022-09-23,5,1.25,19.6,8.61,8.37,91.6,683,NA
2022-09-23,5,1.5,19.6,8.61,8.37,91.6,683,NA
2022-09-23,5,1.75,19.6,8.6,8.35,91.4,683,NA
2022-09-23,5,2,19.6,8.6,8.35,91.4,683,NA
2022-09-23,5,2.25,19.6,8.6,8.35,91.3,683,NA
2022-09-23,5,2.5,19.6,8.59,8.3,90.7,683,NA
2022-10-19,5,0.5,6.7,8.4,11.78,96.5,730,NA
2022-10-19,5,0.75,6.7,8.39,11.81,96.7,730,NA
2022-10-19,5,1,6.7,8.38,11.82,96.8,730,NA
2022-10-19,5,1.25,6.7,8.38,11.81,96.7,730,NA
2022-10-19,5,1.5,6.7,8.39,11.81,96.7,730,NA
2022-10-19,5,1.75,6.7,8.43,12.05,98.6,729,NA
2022-10-19,5,2,6.7,8.41,12.01,98.3,729,NA
2022-10-19,5,2.25,6.7,8.4,11.93,97.8,730,NA
2022-10-19,5,2.5,6.7,8.41,11.9,97.4,729,NA
2022-10-28,5,0.5,11.6,8.54,11.77,108.3,745,NA
2022-10-28,5,0.75,11.5,8.54,11.87,109.1,744,NA
2022-10-28,5,1,11.2,8.56,12.12,110.4,743,NA
2022-10-28,5,1.25,11.1,8.58,12.27,111.7,743,NA
2022-10-28,5,1.5,11.1,8.59,12.38,112.5,742,NA
2022-10-28,5,1.75,11.1,8.59,12.47,113.6,743,NA
2022-10-28,5,2,10.9,8.54,11.97,108.6,744,NA
2022-10-28,5,2.25,10.9,8.56,12.12,109.8,743,NA
2022-10-28,5,2.5,10.9,8.52,11.77,106.7,744,NA
2023-01-23,5,0.5,3.4,8.43,17.65,132.7,755,NA
2023-01-23,5,0.75,3.7,8.55,18.06,137,800,NA
2023-01-23,5,1,4,8.62,17.89,136.9,809,NA
2023-01-23,5,1.25,4.2,8.6,17.58,135.2,815,NA
2023-01-23,5,1.5,4.2,8.51,16.93,130.4,833,NA
2023-01-23,5,1.75,4.1,8.53,16.96,130.1,846,NA
2023-01-23,5,2,3.9,8.42,16.46,126,870,NA
2023-01-23,5,2.25,3.9,8.28,15.11,115.4,904,NA
2023-01-23,5,2.5,4.1,7.96,11.18,86.4,940,NA
2023-01-23,5,2.75,4.3,7.81,7.19,55.7,985,NA
2023-02-10,5,0.5,3.2,8.45,19.23,143.9,803,NA
2023-02-10,5,0.75,4.3,8.23,15.43,119.4,833,NA
2023-02-10,5,1,4.7,8.09,13.36,104.5,850,NA
2023-02-10,5,1.25,4.9,7.96,11.29,88.6,873,NA
2023-02-10,5,1.5,4.8,7.99,11.18,87.1,886,NA
2023-02-10,5,1.75,4.6,8.03,11.62,90.3,893,NA
2023-02-10,5,2,4.5,8.06,12.32,95.1,906,NA
2023-02-10,5,2.25,4.4,7.97,11.2,87.1,923,NA
2023-02-10,5,2.5,4.5,7.77,7.8,61.2,940,NA
2023-02-10,5,2.75,4.8,7.69,5.71,44.7,991,NA
2023-02-17,5,0.5,3.1,7.82,15.73,118.3,817,NA
2023-02-17,5,0.75,4.4,7.77,14.6,113.4,841,NA
2023-02-17,5,1,5,7.76,13.41,105.1,866,NA
2023-02-17,5,1.25,5.1,7.71,12.31,97.1,877,NA
2023-02-17,5,1.5,5.2,7.62,11.06,88,894,NA
2023-02-17,5,1.75,5.2,7.61,10.65,84.1,899,NA
2023-02-17,5,2,5.1,7.55,10.04,79.1,914,NA
2023-02-17,5,2.25,5,7.51,9.6,76.1,923,NA
2023-02-17,5,2.5,4.6,7.46,8.65,67.8,954,NA
2023-03-23,5,0.5,5.1,8.5,14.32,112.6,867,NA
2023-03-23,5,0.75,5,8.49,14.35,112.7,867,NA
2023-03-23,5,1,5.1,8.46,14.37,112.8,867,NA
2023-03-23,5,1.25,5.1,8.46,14.37,113.1,867,NA
2023-03-23,5,1.5,5.1,8.45,14.37,113,867,NA
2023-03-23,5,1.75,5.1,8.45,14.38,113.1,867,NA
2023-03-23,5,2,5,8.45,14.39,113.1,867,NA
2023-03-23,5,2.25,5.1,8.44,14.39,113.2,867,NA
2023-03-23,5,2.5,5,8.44,14.43,113.3,866,NA
2023-03-28,5,0.5,5.7,8.61,14.26,114.3,852,NA
2023-03-28,5,0.75,5.7,8.44,14.32,114.5,853,NA
2023-03-28,5,1,5.7,8.37,14.33,114.5,854,NA
2023-03-28,5,1.25,5.6,8.34,14.33,114.4,854,NA
2023-03-28,5,1.5,5.6,8.3,14.33,114.3,853,NA
2023-03-28,5,1.75,5.6,8.29,14.34,114.2,855,NA
2023-03-28,5,2,5.5,8.27,14.33,114,855,NA
2023-03-28,5,2.25,5.5,8.27,14.32,113.7,855,NA
2023-03-28,5,2.5,5.4,8.26,14.4,114.2,855,NA
2023-04-07,5,0.5,7.4,8.34,12.44,103.8,828,NA
2023-04-07,5,0.75,7.4,8.33,12.46,103.8,828,NA
2023-04-07,5,1,7.4,8.32,12.49,104.2,828,NA
2023-04-07,5,1.25,7.4,8.31,12.46,103.9,828,NA
2023-04-07,5,1.5,7.4,8.32,12.51,104.2,828,NA
2023-04-07,5,1.75,7.3,8.32,12.58,104.7,829,NA
2023-04-07,5,2,7.3,8.32,12.63,105,829,NA
2023-04-07,5,2.25,7.2,8.34,12.74,105.5,831,NA
2023-04-07,5,2.5,7.2,8.34,12.8,106.1,831,NA
2023-04-27,5,0,10.2,8.35,11.7,104.3,866,NA
2023-04-27,5,0.5,10.2,8.31,11.72,104.5,866,NA
2023-04-27,5,0.75,10.2,8.3,11.74,104.7,866,NA
2023-04-27,5,1,10.2,8.3,11.75,104.7,866,NA
2023-04-27,5,1.25,10.1,8.3,11.75,104.8,866,NA
2023-04-27,5,1.5,10.2,8.31,11.76,104.8,866,NA
2023-04-27,5,1.75,10.1,8.31,11.77,104.9,866,NA
2023-04-27,5,2,10.2,8.31,11.77,104.9,866,NA
2023-04-27,5,2.25,10.1,8.31,11.82,105.3,866,NA
2023-04-27,5,2.5,10.1,8.31,11.83,105.2,866,NA
2023-05-04,5,0.5,11.7,8.18,11.61,107.3,873,NA
2023-05-04,5,0.75,11.7,8.17,11.61,107.3,873,NA
2023-05-04,5,1,11.7,8.16,11.62,107.4,873,NA
2023-05-04,5,1.25,11.7,8.15,11.62,107.3,874,NA
2023-05-04,5,1.5,11.5,8.14,11.65,107.2,873,NA
2023-05-04,5,1.75,11,8.16,11.78,107,874,NA
2023-05-04,5,2,10.7,8.16,11.85,106.9,871,NA
2023-05-04,5,2.25,10.6,8.13,11.87,106.9,872,NA
2023-05-04,5,2.5,10.6,8.12,11.94,107.5,871,NA
2023-05-17,5,0.5,17.4,7.88,10.29,107.9,866,NA
2023-05-17,5,0.75,17.4,7.83,10.31,107.9,866,NA
2023-05-17,5,1,17.4,7.82,10.28,107.6,866,NA
2023-05-17,5,1.25,17.4,7.8,10.28,107.6,866,NA
2023-05-17,5,1.5,17.3,7.8,10.27,107.3,867,NA
2023-05-17,5,1.75,17.2,7.8,10.33,107.6,867,NA
2023-05-17,5,2,17.2,7.8,10.4,108.2,866,NA
2023-05-17,5,2.25,17.1,7.81,10.58,109,866,NA
2023-05-17,5,2.5,17.1,7.8,10.6,110.1,866,NA
2022-06-06,6,0,20.7,8.58,9.61,107.4,794,NA
2022-06-06,6,0.5,20.7,8.57,9.67,108.2,794,NA
2022-06-06,6,0.75,20.7,8.58,9.81,109.7,793,NA
2022-06-06,6,1,20.7,8.58,9.96,110.9,791,NA
2022-06-06,6,1.25,20.7,8.58,10.05,112.1,790,NA
2022-06-06,6,1.5,20.6,8.58,10.26,114.4,785,NA
2022-06-06,6,1.75,20.5,8.56,10.18,113.3,782,NA
2022-06-09,6,0,20.4,8.53,9.26,102.9,790,NA
2022-06-09,6,0.5,20.4,8.54,9.28,103.1,790,NA
2022-06-09,6,0.75,20.4,8.54,9.44,104.8,788,NA
2022-06-09,6,1,20.4,8.55,9.47,104.9,788,NA
2022-06-09,6,1.25,20.1,8.67,11.11,122.7,776,NA
2022-06-09,6,1.5,19.7,8.75,12.61,138.1,757,NA
2022-06-09,6,1.75,19.6,8.66,10.76,117.6,760,NA
2022-06-13,6,0.5,20.7,8.9,13.53,151.2,733,NA
2022-06-13,6,0.75,20.7,8.8,13.2,147.4,744,NA
2022-06-13,6,1,20.5,8.71,12.33,137.6,757,NA
2022-06-13,6,1.25,20.5,8.66,11.7,130.3,762,NA
2022-06-17,6,0,24.5,8.92,12.36,148.4,741,NA
2022-06-17,6,0.5,24.5,8.92,12.46,149.7,740,NA
2022-06-17,6,0.75,24.5,8.92,12.51,150.1,740,NA
2022-06-17,6,1,23.8,8.8,10.34,122.5,738,NA
2022-06-17,6,1.25,23.7,8.69,8.76,103.6,738,NA
2022-06-20,6,0.5,25.6,9.04,16.45,201.3,723,NA
2022-06-20,6,0.75,24.3,9.2,17.79,213.4,706,NA
2022-06-20,6,1,23.7,9.1,15.57,184.3,701,NA
2022-06-20,6,1.25,23.5,9.02,13.76,162.6,703,NA
2022-06-20,6,1.5,23.3,8.7,10.7,125.7,722,NA
2022-06-23,6,0,27.3,9.06,13.65,172.4,700,NA
2022-06-23,6,0.5,27,9.03,13.76,173,702,NA
2022-06-23,6,0.75,26.9,9.04,13.91,174.5,702,NA
2022-06-23,6,1,26.8,9.05,14.11,176.9,701,NA
2022-06-23,6,1.25,26.5,9.07,14.31,178,697,NA
2022-06-23,6,1.5,26.3,9.04,13.24,164.1,696,NA
2022-06-23,6,1.75,25.9,8.82,10.35,127.9,703,NA
2022-06-28,6,0.5,24.4,9.48,17.81,213.5,684,NA
2022-06-28,6,0.75,23.9,9.47,16.06,190.7,675,NA
2022-06-28,6,1,23.7,9.42,14.58,172.5,676,NA
2022-07-01,6,0,25.2,9.11,12.47,151.4,702,NA
2022-07-01,6,0.5,25.2,9.12,12.57,152.9,702,NA
2022-07-01,6,0.75,25.2,9.13,12.82,156,702,NA
2022-07-01,6,1,25.2,9.12,12.7,154.6,702,NA
2022-07-01,6,1.25,25.1,9.09,12.25,149.1,703,NA
2022-07-01,6,1.5,25.1,9.02,11.22,136.7,706,NA
2022-07-05,6,0,26.2,9.82,16.16,200.8,662,NA
2022-07-05,6,0.5,25.5,9.61,12.76,156.1,664,NA
2022-07-05,6,0.75,25.4,9.55,11.63,138.5,666,NA
2022-07-05,6,1,25.3,9.51,10.83,132,667,NA
2022-07-05,6,1.25,25.2,9.47,10.34,126.4,668,NA
2022-07-05,6,1.5,24.8,8.67,4.81,59.4,706,NA
2022-07-07,6,0.5,25.6,9.62,14.62,189,660,NA
2022-07-07,6,0.75,25.3,9.54,12.89,158.1,658,NA
2022-07-07,6,1,25,9.54,10.98,135,660,NA
2022-07-07,6,1.25,25,9.41,10.16,125,661,NA
2022-07-07,6,1.5,24.4,7.93,2.91,36.2,736,NA
2022-07-11,6,0,24.7,9.09,11.05,133.2,696,NA
2022-07-11,6,0.5,24.7,9.09,11.05,133.3,697,NA
2022-07-11,6,0.75,24.7,9.09,11.09,132.9,697,NA
2022-07-11,6,1,24.7,9.09,10.93,131.9,697,NA
2022-07-11,6,1.25,24.7,9.09,10.82,130.5,696,NA
2022-07-13,6,0.5,25.8,9.55,18.22,225.4,681,NA
2022-07-13,6,0.75,25.1,9.38,14.13,171.3,682,NA
2022-07-13,6,1,24.9,9.34,13.25,160.7,683,NA
2022-07-13,6,1.25,24.8,9.32,11.91,144,685,NA
2022-07-18,6,0,26.8,9.87,18.73,232.2,665,NA
2022-07-18,6,0.5,26,9.95,15.4,191.3,661,NA
2022-07-18,6,0.75,25.3,9.77,13.64,167.8,655,NA
2022-07-18,6,1,24.4,9.52,10.17,122.7,654,NA
2022-07-18,6,1.25,23.5,9.11,2.36,29.8,666,NA
2022-07-21,6,0.5,25.2,9.4,10.24,124.6,673,NA
2022-07-21,6,0.75,25.2,9.37,9.62,117.2,673,NA
2022-07-21,6,1,25.1,9.35,8.81,107,673,NA
2022-07-21,6,1.25,25.1,9.35,8.46,103,672,NA
2022-07-25,6,0,25.4,9.65,12.11,146.9,658,NA
2022-07-25,6,0.5,25.3,9.56,11.14,135,660,NA
2022-07-25,6,0.75,25,9.48,9.3,112.4,660,NA
2022-07-25,6,1,25,9.46,9.12,110.2,662,NA
2022-07-25,6,1.25,24.9,9.44,8.96,108.1,662,NA
2022-07-28,6,0,25.7,9.58,13.15,160.7,673,NA
2022-07-28,6,0.5,25.5,9.55,12.17,147.7,671,NA
2022-07-28,6,0.75,25.4,9.54,11.22,137.7,670,NA
2022-07-28,6,1,25.3,9.55,9.61,118.5,668,NA
2022-08-02,6,0,25.7,9.39,12.67,155.6,678,NA
2022-08-02,6,0.5,25.7,9.31,11.73,143.4,680,NA
2022-08-02,6,0.75,25.3,9.2,10.2,124.3,682,NA
2022-08-02,6,1,25.2,9.19,9.9,120.6,683,NA
2022-08-02,6,1.25,25.1,9.17,9.61,117,684,NA
2022-08-04,6,0,26,9.7,15.87,203,676,NA
2022-08-04,6,0.5,25.7,9.42,11.47,140,680,NA
2022-08-04,6,0.75,25,9.26,8.59,104,680,NA
2022-08-04,6,1,24.7,9.19,7.09,85.4,681,NA
2022-08-04,6,1.25,24.5,9.14,5.88,70.6,682,NA
2022-08-12,6,0,25,8.96,7.27,88.1,685,NA
2022-08-12,6,0.5,25,8.96,7.26,88,685,NA
2022-08-12,6,0.75,25,8.96,7.22,87.5,685,NA
2022-08-12,6,1,25,8.93,6.97,84.6,687,NA
2022-08-12,6,1.25,25,8.9,6.7,81.2,689,NA
2022-08-16,6,0,23.1,9.3,12.73,148.9,691,NA
2022-08-16,6,0.5,22.9,9.25,12.18,142,693,NA
2022-08-16,6,0.75,22.8,9.17,10.94,127.1,694,NA
2022-08-16,6,1,22.7,9,7.88,91.1,698,NA
2022-08-16,6,1.25,22.2,8.38,4.04,46.5,714,NA
2022-08-18,6,0.5,24.2,9.29,13.5,159.1,696,NA
2022-08-18,6,0.75,23.9,9.23,11.28,133.1,698,NA
2022-08-18,6,1,23.7,9.02,8.67,103.4,709,NA
2022-08-18,6,1.25,23.5,8.73,5.2,62.4,723,NA
2022-09-09,6,0,24,8.98,10.35,123.1,611,NA
2022-09-09,6,0.5,23.7,9,10.56,124.8,612,NA
2022-09-09,6,0.75,23.3,8.94,9.64,113.8,610,NA
2022-09-09,6,1,23.2,8.9,8.78,102.9,610,NA
2022-09-09,6,1.25,23.1,8.68,6.65,78.2,618,NA
2022-09-23,6,0.5,18.7,8.7,8.75,93.9,691,NA
2022-09-23,6,0.75,18.7,8.7,8.72,93.6,691,NA
2022-09-23,6,1,18.6,8.64,7.93,85,692,NA
2022-09-23,6,1.25,18.6,8.6,7.43,79.8,693,NA
2022-10-19,6,0.5,5.4,8.58,13.02,103.4,733,NA
2022-10-19,6,0.75,5.2,8.54,12.34,97.3,733,NA
2022-10-19,6,1,5.2,8.52,12.2,96.1,733,NA
2022-10-28,6,0.5,10.7,8.66,12.5,112.8,733,NA
2022-10-28,6,0.75,10.2,8.61,11.83,105.7,734,NA
2022-10-28,6,1,9.9,8.56,11.13,98.7,734,NA
2022-10-28,6,1.25,9.8,8.54,10.87,96.2,734,NA
2023-01-23,6,0.5,3,8.1,15.5,115.4,782,NA
2023-01-23,6,0.75,3.5,8.01,14.28,107.9,802,NA
2023-01-23,6,1,4,7.73,11.73,90.2,816,NA
2023-01-23,6,1.25,4.3,7.48,8.08,62.6,834,NA
2023-02-10,6,0.5,2.6,7.88,5.4,40,790,NA
2023-02-10,6,0.75,3.6,7.72,2.55,19.7,829,NA
2023-02-10,6,1,3.9,7.64,1.21,9.5,844,NA
2023-02-10,6,1.25,4.2,7.6,0.67,5.4,851,NA
2023-02-17,6,0.5,4.3,7.16,3.38,26,828,NA
2023-02-17,6,0.75,4.6,7.2,2.93,22.8,850,NA
2023-02-17,6,1,4.7,7.26,2.71,21.1,854,NA
2023-03-23,6,0.5,5.8,8.46,14.7,117.9,847,NA
2023-03-23,6,0.75,5.8,8.45,14.75,118.3,847,NA
2023-03-23,6,1,5.8,8.48,14.98,118.5,849,NA
2023-03-23,6,1.25,5.7,8.47,15,119,849,NA
2023-03-28,6,0.5,6.6,8.21,14.52,119,843,NA
2023-03-28,6,0.75,6.6,8.19,14.65,118.9,845,NA
2023-03-28,6,1,6,8.2,15.55,124.9,841,NA
2023-03-28,6,1.25,6,8.2,16.07,128.6,842,NA
2023-04-07,6,0.5,8.2,8.28,11.72,99.7,833,NA
2023-04-07,6,0.75,8.1,8.26,11.83,100.2,835,NA
2023-04-07,6,1,8.1,8.28,11.89,100.5,838,NA
2023-04-07,6,1.25,7.8,8.31,12.46,104.9,842,NA
2023-04-27,6,0,10.7,8.52,12.72,114.5,865,NA
2023-04-27,6,0.5,10.5,8.38,12.77,114.8,865,NA
2023-04-27,6,0.75,10.5,8.36,12.79,115,864,NA
2023-04-27,6,1,10.5,8.34,12.82,115.2,864,NA
2023-04-27,6,1.25,10.5,8.34,12.91,116.1,864,NA
2023-05-04,6,0.5,12.1,8.44,11.6,108.1,871,NA
2023-05-04,6,0.75,12.1,8.07,11.61,108.2,871,NA
2023-05-04,6,1,12.1,8.05,11.62,108.3,871,NA
2023-05-04,6,1.25,12.1,8.02,11.63,108.5,871,NA
2023-05-17,6,0.5,18.3,7.88,11.22,119.2,860,NA
2023-05-17,6,0.75,18,7.87,11.29,119.6,860,NA
2023-05-17,6,1,17.9,7.87,11.43,120.7,859,NA
2023-05-17,6,1.25,17.9,7.57,11.64,123.1,859,NA
2022-06-06,7,0,20.8,8.68,11.67,130.7,791,NA
2022-06-06,7,0.5,20.8,8.68,11.92,133.3,791,NA
2022-06-06,7,0.75,20.8,8.68,11.98,134.2,790,NA
2022-06-06,7,1,20.8,8.69,12.15,136,790,NA
2022-06-06,7,1.25,20.5,8.74,13.2,147,782,NA
2022-06-06,7,1.5,20.3,8.66,11.59,127.4,783,NA
2022-06-09,7,0,20.5,8.63,11.08,123.3,779,NA
2022-06-09,7,0.5,20.5,8.62,11.11,123.7,779,NA
2022-06-09,7,0.75,20.5,8.63,11.18,124.4,779,NA
2022-06-09,7,1,20.5,8.63,11.25,125.2,779,NA
2022-06-09,7,1.25,20.5,8.64,11.36,126.3,778,NA
2022-06-09,7,1.5,20.5,8.65,11.7,130.2,777,NA
2022-06-09,7,1.75,20.4,8.83,13.57,150.2,765,NA
2022-06-09,7,2,19.1,8.81,14.1,152.5,751,NA
2022-06-13,7,0.5,21.1,8.62,10.86,122.4,785,NA
2022-06-13,7,0.75,20.9,8.65,11.39,127.8,785,NA
2022-06-13,7,1,20.7,8.67,11.6,129.7,782,NA
2022-06-13,7,1.25,20.6,8.64,11.11,123.8,782,NA
2022-06-13,7,1.5,20.6,8.65,11.25,125.5,781,NA
2022-06-13,7,1.75,20.5,8.69,12.03,134,782,NA
2022-06-17,7,0,24.2,8.74,10.16,121.3,765,NA
2022-06-17,7,0.5,24.2,8.74,10.19,121.7,765,NA
2022-06-17,7,0.75,24.2,8.74,10.25,122.5,765,NA
2022-06-17,7,1,24.2,8.74,10.32,123.3,765,NA
2022-06-17,7,1.25,24.2,8.75,10.59,126.5,765,NA
2022-06-17,7,1.5,24.1,8.76,10.91,130.2,766,NA
2022-06-17,7,1.75,24,8.77,11.18,133.1,767,NA
2022-06-17,7,2,24,8.76,11.13,132.5,768,NA
2022-06-20,7,0.5,25.6,9.02,16.51,202.1,710,NA
2022-06-20,7,0.75,24.9,9.07,17.6,212.7,706,NA
2022-06-20,7,1,24.5,8.96,16.41,197.2,709,NA
2022-06-23,7,0,27.1,8.9,12.59,158.6,724,NA
2022-06-23,7,0.5,27,8.89,12.8,160.3,726,NA
2022-06-23,7,0.75,26.5,8.92,13.59,169.4,725,NA
2022-06-23,7,1,26.4,8.94,14.01,174.3,723,NA
2022-06-23,7,1.25,26.3,8.92,13.62,169.3,724,NA
2022-06-28,7,0.5,24.9,8.9,12.4,150.3,736,NA
2022-06-28,7,0.75,24.9,8.92,12.98,157.2,734,NA
2022-06-28,7,1,24.6,8.93,13.1,157.8,732,NA
2022-06-28,7,1.25,24.3,8.89,12.76,152.6,730,NA
2022-06-28,7,1.5,23.9,8.83,11.68,138.6,734,NA
2022-07-01,7,0,25.5,8.95,12.34,151.1,718,NA
2022-07-01,7,0.5,25.6,8.94,12.25,150.1,718,NA
2022-07-01,7,0.75,25.5,8.96,12.57,153.8,720,NA
2022-07-01,7,1,25.5,8.96,12.66,154.8,720,NA
2022-07-01,7,1.25,25.4,8.97,12.89,157.6,720,NA
2022-07-01,7,1.5,25.4,8.76,11.08,135.5,731,NA
2022-07-05,7,0,25.8,9.03,12.65,156.2,717,NA
2022-07-05,7,0.5,25.9,9.04,13.05,160.1,717,NA
2022-07-05,7,0.75,25.6,9.05,13.13,160.8,716,NA
2022-07-05,7,1,25.6,9.06,13.33,163.3,716,NA
2022-07-05,7,1.25,25.5,9.06,13.06,159.6,714,NA
2022-07-07,7,0.5,25.9,9.21,12.44,153.1,695,NA
2022-07-07,7,0.75,25.9,9.21,12.47,153.9,695,NA
2022-07-07,7,1,25.9,9.23,12.85,157.9,694,NA
2022-07-07,7,1.25,25.9,9.24,12.94,158.9,693,NA
2022-07-07,7,1.5,25.8,9.24,12.91,158.5,692,NA
2022-07-07,7,1.75,25.7,9.24,12.92,158.4,692,NA
2022-07-07,7,2,25.5,9.21,12.61,155,692,NA
2022-07-11,7,0,25.1,9.11,11.65,141.5,699,NA
2022-07-11,7,0.5,25.1,9.12,12.03,146,700,NA
2022-07-11,7,0.75,25,9.13,12.18,147.8,700,NA
2022-07-11,7,1,25,9.13,12.3,149.2,700,NA
2022-07-13,7,0,26.3,9.2,13.55,168.2,704,NA
2022-07-13,7,0.5,26.4,9.2,13.74,170.8,704,NA
2022-07-13,7,0.75,26.3,9.19,13.84,171.8,705,NA
2022-07-13,7,1,25.7,9.13,13.79,169.5,709,NA
2022-07-13,7,1.25,25.3,9.1,13.59,165.8,712,NA
2022-07-13,7,1.5,25.1,9.03,12.8,155.7,714,NA
2022-07-18,7,0,26.6,9.17,13.6,169.8,693,NA
2022-07-18,7,0.5,26.5,9.2,14.06,175.2,692,NA
2022-07-18,7,0.75,26.4,9.23,14.86,184.3,689,NA
2022-07-18,7,1,26.3,9.21,14.45,179.3,689,NA
2022-07-21,7,0.5,25.8,9.02,10.89,134,706,NA
2022-07-21,7,0.75,25.7,9.03,10.95,134.5,705,NA
2022-07-21,7,1,25.6,9.03,11.15,136.8,704,NA
2022-07-21,7,1.25,25.6,9.01,10.64,130.3,704,NA
2022-07-25,7,0,25.5,8.94,8.72,106.7,701,NA
2022-07-25,7,0.5,25.5,8.94,8.76,107.3,701,NA
2022-07-25,7,0.75,25.5,8.96,9.09,111.3,700,NA
2022-07-25,7,1,25.5,9.01,10.24,125.4,699,NA
2022-07-28,7,0.5,26.1,9.18,11.95,147.7,701,NA
2022-07-28,7,0.75,26.1,9.18,12.17,150.3,701,NA
2022-08-02,7,0,25.7,9.04,11.45,140.5,699,NA
2022-08-02,7,0.5,25.7,9.05,11.64,142.8,699,NA
2022-08-02,7,0.75,25.6,9.08,12.3,150.7,697,NA
2022-08-02,7,1,25.5,9.07,12.38,151.5,696,NA
2022-08-02,7,1.25,25.4,9.04,10.65,129.4,697,NA
2022-08-04,7,0,26.5,9.06,10.62,132.4,697,NA
2022-08-04,7,0.5,26.4,9.04,10.36,128.8,697,NA
2022-08-04,7,0.75,26.1,9,10.04,124.2,699,NA
2022-08-04,7,1,25.9,8.97,9.78,120.4,701,NA
2022-08-04,7,1.25,25.3,8.81,7.91,96.4,707,NA
2022-08-12,7,0,25.3,9.1,11.17,136.2,678,NA
2022-08-12,7,0.5,25.3,9.12,11.25,127.1,679,NA
2022-08-12,7,0.75,25.3,9.12,11.28,137.5,679,NA
2022-08-12,7,1,25.3,9.13,11.46,140.3,678,NA
2022-08-12,7,1.25,25.2,9.17,12.09,146.8,677,NA
2022-08-16,7,0,23.4,8.81,8.73,102.6,708,NA
2022-08-16,7,0.5,23.3,8.83,9.02,106,708,NA
2022-08-16,7,0.75,23.3,8.81,8.91,104.7,708,NA
2022-08-16,7,1,23.2,8.79,8.65,101.5,708,NA
2022-08-16,7,1.25,23.1,8.78,8.49,99.3,708,NA
2022-08-18,7,0.5,25.1,9.05,12.45,157.3,706,NA
2022-08-18,7,0.75,25,9.05,12.49,151.8,707,NA
2022-08-18,7,1,24.9,9.05,12.69,153,707,NA
2022-08-18,7,1.25,24.6,9.08,12.47,156.4,706,NA
2022-08-18,7,1.5,24.3,9.02,11.73,140.7,707,NA
2022-09-09,7,0,24.1,8.96,11.36,135.3,611,NA
2022-09-09,7,0.5,24,8.93,11.01,131.1,612,NA
2022-09-09,7,0.75,23.6,8.85,10.22,120.8,615,NA
2022-09-09,7,1,23.5,8.82,9.91,116.5,615,NA
2022-09-09,7,1.25,23.3,8.75,9.11,106.8,618,NA
2022-09-23,7,0.5,19,8.7,9.38,101.3,685,NA
2022-09-23,7,0.75,19,8.7,9.39,101.5,685,NA
2022-09-23,7,1,19,8.72,9.49,102.4,685,NA
2022-09-23,7,1.25,18.9,8.7,9.5,101.9,685,NA
2022-10-19,7,0.5,6.5,8.42,12.18,99.2,737,NA
2022-10-19,7,0.75,6.4,8.42,12.21,99.4,737,NA
2022-10-19,7,1,6.4,8.42,12.24,99.6,738,NA
2022-10-19,7,1.25,6.4,8.42,12.24,99.5,738,NA
2022-10-28,7,0.5,10.4,8.58,12.66,113.3,739,NA
2022-10-28,7,0.75,10.1,8.55,12.4,110.2,740,NA
2022-10-28,7,1,10,8.55,12.25,108.8,740,NA
2022-10-28,7,1.25,9.9,8.55,12.32,109,740,NA
2023-01-23,7,0.5,2.5,8.45,19.78,145.1,785,NA
2023-01-23,7,0.75,3,8.4,19.22,143.5,805,NA
2023-01-23,7,1,3.3,8.34,18.51,139.5,809,NA
2023-01-23,7,1.25,3.7,8.23,17.59,133.8,819,NA
2023-01-23,7,1.5,3.8,8.03,15.63,118.8,834,NA
2023-02-10,7,0.5,2,7.76,13.15,95.4,806,NA
2023-02-10,7,0.75,3.4,7.5,8.85,67,834,NA
2023-02-10,7,1,3.7,7.47,7.1,54.1,837,NA
2023-02-10,7,1.25,3.8,7.52,7.25,55.1,847,NA
2023-02-17,7,0.5,2.8,7.36,8.1,60.4,822,NA
2023-02-17,7,0.75,3.8,7.29,7.55,57.6,834,NA
2023-02-17,7,1,4.4,7.25,7.69,59.4,847,NA
2023-02-17,7,1.25,4.5,7.25,7.89,61.1,857,NA
2023-03-23,7,0.5,5.5,8.4,14,114.8,869,NA
2023-03-23,7,0.75,5.5,8.4,14.14,114.9,869,NA
2023-03-23,7,1,5.5,8.41,14.52,115.5,869,NA
2023-03-23,7,1.25,5.5,8.41,14.5,115.5,869,NA
2023-03-28,7,0.5,6.6,8.26,14.56,119,838,NA
2023-03-28,7,0.75,6.6,8.2,14.56,119.1,834,NA
2023-03-28,7,1,6.6,8.11,14.6,119.2,834,NA
2023-03-28,7,1.25,6.5,8.1,14.64,119.3,834,NA
2023-04-07,7,0.5,7.4,8.33,12.99,108.4,834,NA
2023-04-07,7,0.75,7.4,8.31,13,108.5,835,NA
2023-04-07,7,1,7.4,8.3,13.01,108.6,835,NA
2023-04-07,7,1.25,7.2,8.3,13.06,108.5,839,NA
2023-04-27,7,0,10.8,8.43,12.94,116.3,866,NA
2023-04-27,7,0.5,10.7,8.34,12.02,108.4,866,NA
2023-04-27,7,0.75,10.7,8.33,12.04,108.6,866,NA
2023-04-27,7,1,10.6,8.32,12.2,109.9,866,NA
2023-04-27,7,1.25,10.5,8.33,12.42,111.9,865,NA
2023-05-04,7,0.5,12.4,8.96,12.38,116,870,NA
2023-05-04,7,0.75,12.2,8.03,12.4,116,869,NA
2023-05-04,7,1,12.2,8.02,12.33,116.1,870,NA
2023-05-04,7,1.25,12.2,8.01,12.5,115.6,868,NA
2023-05-17,7,0.5,18.2,7.99,12.43,132.2,855,NA
2023-05-17,7,0.75,18.2,7.96,12.53,133.1,855,NA
2023-05-17,7,1,18,7.93,12.46,131.7,855,NA
2023-05-17,7,1.25,17.4,7.88,11.91,124.6,858,NA
2022-06-06,8,0,21,8.68,11.07,124.1,776,NA
2022-06-06,8,0.5,20.8,8.61,10.93,122.4,776,NA
2022-06-09,8,0,20.5,8.52,9.35,104.2,792,NA
2022-06-09,8,0.5,20.3,8.56,9.73,108.2,791,NA
2022-06-09,8,0.75,20.1,8.64,10.77,118.5,783,NA
2022-06-09,8,1,19.5,8.73,13.49,147.2,771,NA
2022-06-09,8,1.25,19.2,8.68,11.63,126.4,770,NA
2022-06-09,8,1.5,19.2,8.44,9.5,101.4,777,NA
2022-06-13,8,0.5,20.4,8.69,11.3,125.5,763,NA
2022-06-17,8,0,25.2,8.77,11.56,140.7,743,NA
2022-06-17,8,0.5,25.1,9.78,12.3,149.3,745,NA
2022-06-17,8,0.75,25.1,8.78,12.89,156.2,748,NA
2022-06-20,8,0.5,26,8.84,13.57,166.7,742,NA
2022-06-20,8,0.75,25.1,8.94,14.08,170.7,734,NA
2022-06-23,8,0,27.9,8.86,11.89,151.7,738,NA
2022-06-23,8,0.5,27.4,8.85,13.16,166.3,737,NA
2022-06-23,8,0.75,26.5,8.89,14.27,177.4,727,NA
2022-06-23,8,1.5,23.6,8.91,11.74,138.7,719,NA
2022-06-28,8,1,26.2,8.86,14.18,175.7,727,NA
2022-07-01,8,0,25.2,8.85,9.43,114.8,732,NA
2022-07-01,8,0.5,25.2,8.86,9.45,115,732,NA
2022-07-01,8,0.75,25.2,8.86,9.46,115.2,731,NA
2022-07-01,8,1,25.2,8.87,9.52,116,731,NA
2022-07-05,8,0,26.2,8.81,8.55,105.9,726,NA
2022-07-05,8,0.5,25.6,8.78,7.98,97.5,727,NA
2022-07-05,8,0.75,25.2,8.73,7.67,93.5,727,NA
2022-07-07,8,0.5,25.9,9.02,10.53,129.6,698,NA
2022-07-07,8,0.75,25.7,9,10.58,129.6,699,NA
2022-07-11,8,0,23.9,8.62,6.91,82.1,727,NA
2022-07-11,8,0.5,23.9,8.63,6.9,82,727,NA
2022-07-11,8,0.75,24,8.62,6.9,82.1,728,NA
2022-07-13,8,0.5,26,9.12,15.53,191.4,715,NA
2022-07-18,8,0,25.6,8.87,11.56,141.2,710,NA
2022-07-18,8,0.5,24.9,8.92,12.35,149.4,706,NA
2022-07-21,8,0.5,25.2,8.76,8.39,102.3,718,NA
2022-07-21,8,0.75,25.2,8.76,7.9,95.9,718,NA
2022-07-25,8,0,24.8,8.62,7.16,86.6,706,NA
2022-07-25,8,0.5,24.7,8.48,6.35,76.7,708,NA
2022-07-28,8,0.5,25.5,8.95,10.22,125,709,NA
2022-07-28,8,0.75,25.4,8.94,10.17,123.5,710,NA
2022-08-02,8,0,24.9,8.72,7.98,96.5,713,NA
2022-08-02,8,0.5,24.7,8.67,7.46,90,715,NA
2022-08-04,8,0,26.6,8.87,9.68,120.9,713,NA
2022-08-04,8,0.5,26.3,8.91,10.43,129.8,712,NA
2022-08-12,8,0,24.3,8.7,7.85,93.5,698,NA
2022-08-12,8,0.5,24.1,8.47,6.32,74.6,707,NA
2022-08-12,8,0.75,23.9,8.13,4.27,51.5,715,NA
2022-08-16,8,0,22.2,8.65,8.57,98.5,716,NA
2022-08-16,8,0.5,22,8.49,7.32,83.8,720,NA
2022-08-16,8,0.75,21.9,8.39,6.49,74.2,721,NA
2022-08-18,8,0.5,24.5,8.85,11.6,140,720,NA
2022-08-18,8,0.75,23.6,8.05,4.58,54.5,741,NA
2022-09-09,8,0,23.3,8.91,9.75,114.8,614,NA
2022-09-09,8,0.5,23.3,8.9,9.76,114.8,614,NA
2022-09-09,8,0.75,23.2,8.85,9.05,106,616,NA
2022-09-23,8,0.5,18.7,8.35,7.57,81.3,701,NA
2022-09-23,8,0.75,17.6,7.85,5.5,58,717,NA
2022-10-19,8,0.5,6.9,8.34,11.43,94.2,740,NA
2022-10-19,8,0.75,7,8.18,11.3,93.2,748,NA
2022-10-28,8,0.5,12.4,8.5,11.5,108.1,744,NA
2022-10-28,8,0.75,11.7,8.38,11.26,103.8,751,NA
2023-01-23,8,0.5,3.9,8,17.42,132.8,746,NA
2023-01-23,8,0.75,4.6,7.99,15.73,122.4,778,NA
2023-02-10,8,0.5,3.4,8.05,16.04,120.7,796,NA
2023-02-10,8,0.75,4.8,7.65,9.85,77.1,825,NA
2023-02-17,8,0.5,4,7.33,13.95,106.6,783,NA
2023-02-17,8,0.75,4.9,7.22,7.69,60.7,838,NA
2023-03-23,8,0.5,6.9,8.44,16.34,134,925,NA
2023-03-23,8,0.75,6.8,8.53,17.68,143.6,921,NA
2023-03-28,8,0.5,7.3,8.59,15.97,132.7,828,NA
2023-03-28,8,0.75,7.3,8.46,16.32,135.7,828,NA
2023-04-07,8,0.5,9.1,8.57,14.57,126.5,815,NA
2023-04-07,8,0.75,9.1,8.54,14.69,127.6,815,NA
2023-04-27,8,0,11.7,8.54,13.24,122.3,864,NA
2023-04-27,8,0.5,11.7,8.48,13.24,122.5,863,NA
2023-04-27,8,0.75,11.7,8.45,13.23,122.4,863,NA
2023-05-04,8,0.5,12,8.27,12.36,124.3,873,NA
2023-05-04,8,0.75,12.1,8.2,13.8,131.1,872,NA
2023-05-17,8,0.5,18.3,8.26,16.11,171.6,831,NA
2023-05-17,8,0.75,18.5,8.21,17.07,190.5,832,NA